Country,Year,Disease Name,Disease Category,PrevalenceRate,IncidenceRate,MortalityRate,AgeMin,AgeMax,Gender,Population Affected,HealthcareAccess,Doctors per 1000,Hospital Beds per 1000,Treatment Type,AvgTreatmentCost USD,VaccineAvailable,RecoveryRate,DALYs,Improvement5Yr,PerCapitaIncomeUSD,UrbanizationRate,Disease Category.1,RecoveryRateFlag,CostCategory,IsHighRisk,TestErrorCheck,TestErrorCheck.1
Italy,2013,Malaria,Respiratory,0.95,1.55,8.42,0,18,Male,471007,57.74,3.34,7.58,Medication,21064,No,91.82,4493,2.16,16886,86.02,Parasitic,OK,Medium,High Risk,0,
Usa,2013,Malaria,Cardiovascular,18.42,6.33,9.33,61,60,Female,289931,90.03,3.16,3.31,Surgery,15579,No,92.8,4535,0.89,60027,20.48,Parasitic,OK,Medium,High Risk,0,
Australia,2006,Alzheimer'S Disease,Bacterial,13.39,13.85,4.04,61,60,Male,134472,90.34,2.8,6.73,Surgery,44696,Yes,58.67,3088,5.51,23813,57.71,Neurological,OK,High,Low Risk,0,
France,2002,Ebola,Parasitic,12.46,8.63,8.75,61,60,Male,634318,89.21,1.33,5.11,Surgery,47851,Yes,76.65,2366,4.82,80639,45.52,Viral,OK,High,High Risk,0,
Turkey,2015,Covid-19,Genetic,0.91,2.35,6.22,36,60,Male,154878,56.41,4.07,3.49,Vaccination,27834,Yes,98.55,41,5.81,12245,40.2,Viral,OK,High,High Risk,0,
Indonesia,2011,Parkinson'S Disease,Autoimmune,4.68,6.29,3.99,0,18,Other,446224,85.2,3.18,8.44,Surgery,144,Yes,67.35,3201,2.22,49336,58.47,Neurological,OK,Low,Low Risk,0,
Mexico,2009,Cancer,Metabolic,3.88,10.85,1.85,0,18,Male,462950,71.06,4.08,6.22,Vaccination,36202,Yes,63.54,2797,3.16,30015,29.05,Chronic,OK,High,Low Risk,0,
Italy,2013,Tuberculosis,Genetic,0.83,13.59,7.01,61,60,Male,472908,67,4.61,5.9,Medication,8908,Yes,50.06,2832,6.93,47701,48.14, Bacterial,OK,Low,High Risk,0,
Nigeria,2007,Tuberculosis,Neurological,3.48,5.71,1.21,0,18,Female,393296,75.6,0.54,3.54,Medication,15744,Yes,65.45,4584,9.81,23222,66.49, Bacterial,OK,Medium,Low Risk,0,
Australia,2006,Cholera,Chronic,10.12,2.08,6,61,60,Male,174143,95.9,4.63,6.01,Medication,9468,Yes,93.21,4694,2.96,68856,83.3,Bacterial,OK,Low,High Risk,0,
Saudi Arabia,2011,Dengue,Bacterial,10.99,6.49,4.64,61,60,Female,479234,98.41,3.5,0.62,Therapy,42671,Yes,93.17,416,9.83,29597,56.5,Viral,OK,High,Low Risk,0,
Usa,2024,Dengue,Viral,1.82,2.98,7.01,36,60,Female,623844,96.83,0.56,9.72,Medication,4664,No,87.75,484,8.11,56179,29,Viral,OK,Low,High Risk,0,
Nigeria,2007,Diabetes,Infectious,8.92,13.19,5.52,36,60,Female,227849,84.41,1.37,9.57,Therapy,45685,No,68.02,423,3.98,60608,68.17,Metabolic,OK,High,High Risk,0,
Italy,2000,Rabies,Chronic,15.59,4.74,6.38,19,35,Female,253110,87.87,4.56,5.84,Therapy,7669,Yes,59.23,2253,9.92,30849,41.27,Viral,OK,Low,High Risk,0,
Canada,2011,Leprosy,Cardiovascular,11.15,0.6,2.97,36,60,Female,76858,67.88,0.66,1.99,Surgery,19993,Yes,76.16,4238,1.23,44699,51.5,Bacterial,OK,Medium,Low Risk,0,
Nigeria,2009,Leprosy,Parasitic,15.18,14.95,8.21,0,18,Male,788926,87.33,3.96,4.49,Vaccination,31596,Yes,50.8,2773,0.79,6053,31.82,Bacterial,OK,High,High Risk,0,
Turkey,2019,Leprosy,Respiratory,8.74,1.42,1.54,19,35,Other,124225,59.94,0.8,6.22,Vaccination,20405,No,73.62,2958,4.22,50131,70.77,Bacterial,OK,Medium,Low Risk,0,
Indonesia,2001,Hypertension,Cardiovascular,3.24,0.43,2.12,36,60,Male,938294,54.07,3.14,9.09,Vaccination,32325,Yes,92.95,2110,4.93,86168,25.86,Cardiovascular,OK,High,Low Risk,0,
France,2004,Measles,Bacterial,11.4,5.15,7.77,61,60,Male,420730,86.28,4.73,0.73,Therapy,49545,Yes,52.4,968,1.11,64119,63.84,Viral,OK,High,High Risk,0,
Australia,2020,Zika,Parasitic,17.27,1.26,7.08,61,60,Male,766425,53.75,3.15,8.49,Therapy,20169,Yes,58.19,3731,4.51,48701,26.05,Viral,OK,Medium,High Risk,0,
France,2015,Polio,Respiratory,14.44,5.69,2.21,19,35,Other,959930,57.31,2.93,6.93,Medication,48221,Yes,54.8,1537,6.49,99481,28.24,Viral,OK,High,Low Risk,0,
China,2001,Ebola,Neurological,2.92,1.17,7.35,36,60,Other,276364,80.23,2.27,3.57,Surgery,28401,Yes,51.53,1742,1.47,8526,31.5,Viral,OK,High,High Risk,0,
South Africa,2014,Malaria,Bacterial,5.94,4.29,2.36,61,60,Female,857183,61.32,4.56,6.88,Therapy,14578,Yes,72.97,433,1.4,52974,43.97,Parasitic,OK,Medium,Low Risk,0,
Japan,2021,Diabetes,Autoimmune,11.24,4.78,5.68,19,35,Male,947147,66.78,4.46,1.2,Surgery,20397,Yes,98.55,4994,7.43,93229,46.04,Metabolic,OK,Medium,High Risk,0,
Usa,2000,Asthma,Metabolic,7.91,9.13,1.58,0,18,Male,365955,64.87,1.28,4.67,Therapy,8688,No,79.09,1480,9.56,85413,31.14,Respiratory,OK,Low,Low Risk,0,
Uk,2010,Diabetes,Genetic,10.58,12.3,2.37,0,18,Female,822231,66.36,1.31,9.32,Surgery,4533,Yes,52.91,4187,3.67,3239,71.13,Metabolic,OK,Low,Low Risk,0,
Canada,2001,Tuberculosis,Neurological,16.03,7.29,0.39,61,60,Male,804802,78.96,2.46,7.72,Therapy,1676,No,80.52,2653,8.64,60168,41.91, Bacterial,OK,Low,Low Risk,0,
Russia,2003,Measles,Neurological,1.45,12.86,3.21,36,60,Male,468005,63.31,2.53,1.41,Therapy,12119,No,90.01,4128,7.68,19846,34.35,Viral,OK,Medium,Low Risk,0,
Mexico,2022,Rabies,Neurological,11.63,8.99,0.54,36,60,Other,402997,90.8,2.36,8.25,Surgery,9975,No,84.78,3139,4.71,11786,87.24,Viral,OK,Low,Low Risk,0,
Uk,2019,Zika,Neurological,14.72,0.84,6.72,0,18,Male,294143,50,2.23,9.51,Vaccination,26485,No,66.32,434,6.07,35741,82.92,Viral,OK,High,High Risk,0,
Japan,2002,Alzheimer'S Disease,Respiratory,12.61,12.98,5.45,19,35,Male,116844,65.71,4.19,9.69,Vaccination,16118,No,64.88,747,8.59,4033,39.69,Neurological,OK,Medium,High Risk,0,
Saudi Arabia,2006,Cancer,Parasitic,15.12,9.04,6.9,0,18,Female,834340,91,3.02,2.05,Therapy,15983,No,89.49,3833,6.01,84531,80.19,Chronic,OK,Medium,High Risk,0,
Canada,2001,Malaria,Autoimmune,13.29,9.76,7.77,0,18,Male,205610,89.47,3.6,8.46,Medication,1190,No,67.79,1989,4.73,50405,38.11,Parasitic,OK,Low,High Risk,0,
Brazil,2003,Parkinson'S Disease,Viral,13.85,4.52,3.23,61,60,Male,700175,62.54,3.25,5.22,Medication,33734,Yes,75.62,4468,9.79,11089,24.44,Neurological,OK,High,Low Risk,0,
Canada,2019,Covid-19,Bacterial,2.08,12.8,0.1,36,60,Other,558329,55.52,0.78,6.89,Vaccination,36659,No,62.21,3997,6.08,21921,25.7,Viral,OK,High,Low Risk,0,
Brazil,2011,Parkinson'S Disease,Neurological,6.42,10.08,0.29,0,18,Other,136567,50.48,3.07,8.06,Surgery,18886,Yes,80.2,1595,5.37,41181,25.31,Neurological,OK,Medium,Low Risk,0,
France,2005,Diabetes,Metabolic,6.09,10.77,1.42,19,35,Other,267802,95.85,3.42,9.14,Medication,27027,No,82.82,3580,9.46,66816,48.75,Metabolic,OK,High,Low Risk,0,
Turkey,2006,Malaria,Cardiovascular,10.53,2.5,5.09,0,18,Male,923451,76.24,1.43,2.95,Vaccination,29311,Yes,93.53,110,6.45,51865,58.38,Parasitic,OK,High,High Risk,0,
Australia,2014,Hiv/Aids,Cardiovascular,12.52,3.13,9.14,19,35,Female,828045,68.61,0.9,8.3,Surgery,41081,Yes,61.53,2764,7.16,20964,85.65,Viral,OK,High,High Risk,0,
Japan,2022,Malaria,Metabolic,3.77,1.02,3,0,18,Male,509716,63.88,0.57,8.23,Vaccination,49265,No,51.6,4416,0.45,7171,36.94,Parasitic,OK,High,Low Risk,0,
France,2008,Tuberculosis,Respiratory,4.6,4.94,2.08,61,60,Female,215901,63.27,2.44,0.86,Therapy,35024,Yes,73.99,3893,0.04,35337,80.47, Bacterial,OK,High,Low Risk,0,
Mexico,2006,Dengue,Neurological,5.84,6.71,0.63,61,60,Other,999156,95.87,2.02,5.29,Therapy,47635,Yes,90.72,4251,3.48,9033,72.74,Viral,OK,High,Low Risk,0,
Indonesia,2000,Rabies,Bacterial,1.22,13.78,3.9,0,18,Male,723071,56.9,3.04,3.53,Therapy,45214,Yes,97.84,4746,3.3,24147,79.39,Viral,OK,High,Low Risk,0,
Turkey,2022,Measles,Chronic,6.97,2.22,6.35,36,60,Male,534508,91.15,0.62,5.87,Vaccination,24653,No,76.34,2649,3.99,17444,59.77,Viral,OK,Medium,High Risk,0,
Germany,2017,Cancer,Metabolic,3.04,2.12,4.46,61,60,Male,639082,96.85,1.99,2.73,Medication,33639,Yes,71.36,3351,8.09,20359,86.25,Chronic,OK,High,Low Risk,0,
Brazil,2003,Alzheimer'S Disease,Neurological,12.5,13.27,9.34,19,35,Male,280906,89.39,3.91,5.6,Surgery,16622,Yes,87.39,326,1.16,32806,70.08,Neurological,OK,Medium,High Risk,0,
Brazil,2010,Hiv/Aids,Autoimmune,0.13,13.99,1.46,36,60,Female,134964,69.35,5,0.55,Vaccination,14688,Yes,61.6,1804,7.23,57996,42.37,Viral,OK,Medium,Low Risk,0,
Uk,2003,Malaria,Chronic,1.08,0.18,3.54,61,60,Male,596241,85.86,2.84,5.94,Medication,31291,No,53.7,3352,8.65,55241,85.04,Parasitic,OK,High,Low Risk,0,
Australia,2009,Alzheimer'S Disease,Infectious,2.44,8.04,8.74,0,18,Other,283322,97.18,4.05,5.16,Therapy,26854,No,93.65,1398,7.02,49594,70.7,Neurological,OK,High,High Risk,0,
Saudi Arabia,2023,Hypertension,Metabolic,14.72,13.9,3.28,36,60,Female,28737,97.73,4.51,5.6,Medication,24176,No,85.19,783,3.9,8158,76.37,Cardiovascular,OK,Medium,Low Risk,0,
India,2003,Alzheimer'S Disease,Bacterial,0.19,14.26,8.38,0,18,Male,349846,72.29,3.1,5.47,Medication,35329,Yes,81.85,3788,8.8,91267,45.22,Neurological,OK,High,High Risk,0,
Nigeria,2002,Measles,Neurological,3.49,14,6.61,36,60,Male,786558,58.08,4.73,3.98,Vaccination,21612,No,74.02,2576,9.07,43869,40.08,Viral,OK,Medium,High Risk,0,
China,2022,Zika,Metabolic,17.12,4.84,7.71,36,60,Female,343352,98.3,0.87,7.39,Vaccination,43779,Yes,84.34,607,7.43,98415,37.01,Viral,OK,High,High Risk,0,
Argentina,2015,Cholera,Infectious,18.17,12.36,2.68,61,60,Male,417401,78.88,2.77,8.01,Therapy,26058,No,81.03,1210,7.43,29542,46.32,Bacterial,OK,High,Low Risk,0,
Argentina,2024,Cancer,Parasitic,10.94,12.88,6.25,61,60,Female,419192,94.54,1.99,5.36,Medication,16363,Yes,72.52,1274,5.36,9633,37.11,Chronic,OK,Medium,High Risk,0,
Italy,2008,Ebola,Chronic,15.94,11.73,6.37,0,18,Other,644854,51.11,4.32,5.53,Surgery,17197,No,74.51,2835,8.59,33096,45.7,Viral,OK,Medium,High Risk,0,
Russia,2019,Dengue,Autoimmune,13.86,0.79,1.18,0,18,Other,251830,71.56,0.73,0.67,Vaccination,29568,Yes,52.61,1731,6.47,12142,57.36,Viral,OK,High,Low Risk,0,
Usa,2011,Dengue,Chronic,10.45,11.76,5.57,36,60,Male,87481,99.11,2.64,1.49,Therapy,33766,Yes,80.17,393,9.96,56348,74.74,Viral,OK,High,High Risk,0,
Argentina,2007,Measles,Parasitic,15.6,0.63,7.03,61,60,Female,653664,80.52,1.42,1.64,Vaccination,49833,No,91.28,3292,8.75,4120,83.11,Viral,OK,High,High Risk,0,
Russia,2023,Leprosy,Bacterial,16.22,8.43,9.61,61,60,Other,422327,51.8,3.75,2.98,Therapy,27605,Yes,98.03,3145,4.23,13691,22.94,Bacterial,OK,High,High Risk,0,
China,2014,Polio,Cardiovascular,0.55,0.85,3.83,36,60,Female,123270,62.89,1.19,1.36,Vaccination,18513,Yes,58.47,4739,4.47,99993,26.87,Viral,OK,Medium,Low Risk,0,
Japan,2017,Tuberculosis,Genetic,13.63,8.09,7.03,36,60,Male,633115,55.2,2.62,4.59,Medication,22954,No,66.11,4969,0.13,52433,65.18, Bacterial,OK,Medium,High Risk,0,
Brazil,2013,Ebola,Metabolic,16.01,8.55,1.35,19,35,Male,384573,81.59,3.08,3.16,Medication,18972,No,70.43,3356,8.75,14196,63.55,Viral,OK,Medium,Low Risk,0,
Japan,2005,Influenza,Respiratory,8.6,13.42,2.32,36,60,Female,757834,82.86,2.72,5.17,Medication,14207,No,75.42,2297,3.93,22316,27.89,Viral,OK,Medium,Low Risk,0,
Nigeria,2010,Diabetes,Cardiovascular,18.17,6.2,2.12,19,35,Female,985553,88.65,3.82,5.76,Therapy,14348,No,88.66,1984,4.35,45639,73.39,Metabolic,OK,Medium,Low Risk,0,
Russia,2008,Asthma,Metabolic,1.69,7.96,7.09,0,18,Other,879623,98.94,1.41,3.93,Surgery,12685,No,72.26,760,5.6,44330,77.15,Respiratory,OK,Medium,High Risk,0,
Nigeria,2017,Hiv/Aids,Neurological,1.17,10.47,5.72,0,18,Other,368210,99.1,4.77,6.07,Medication,9051,No,96.1,4875,3.73,63276,35.5,Viral,OK,Low,High Risk,0,
France,2006,Ebola,Autoimmune,9.01,3.55,6.53,0,18,Other,773388,57.54,1.21,6.32,Surgery,2932,No,64.38,3280,6.27,74864,25.16,Viral,OK,Low,High Risk,0,
South Korea,2000,Alzheimer'S Disease,Genetic,3.96,5.55,0.62,36,60,Male,815017,80.67,1.09,3,Therapy,42062,Yes,67.77,800,5.45,91647,31.22,Neurological,OK,High,Low Risk,0,
Australia,2024,Measles,Genetic,5.88,12.37,4.73,36,60,Other,767034,81.29,3.62,6.73,Surgery,33829,No,75.4,2921,7.85,50348,56.51,Viral,OK,High,Low Risk,0,
South Africa,2017,Hepatitis,Neurological,10.72,6.64,7.89,0,18,Male,22434,93.27,1.15,5.08,Therapy,32840,No,70.46,3298,7.44,41156,41.79,Viral,OK,High,High Risk,0,
Argentina,2006,Measles,Infectious,3.95,4,8.84,0,18,Male,116183,77.08,4.75,6.01,Surgery,22983,No,64.73,3375,1.49,27909,79.55,Viral,OK,Medium,High Risk,0,
Usa,2002,Hepatitis,Respiratory,7.13,6.96,4.02,61,60,Other,251611,53.4,2.28,2.55,Therapy,45671,Yes,94.23,1869,1.21,84905,88.36,Viral,OK,High,Low Risk,0,
Usa,2012,Diabetes,Chronic,4.9,6.6,6.16,61,60,Female,438583,53.83,1.33,5.89,Surgery,40367,Yes,95.01,1674,5.37,48607,80.33,Metabolic,OK,High,High Risk,0,
Australia,2017,Cholera,Chronic,6.33,12.84,2.47,36,60,Female,183029,67.22,0.73,0.72,Therapy,39219,No,87.03,2658,3.29,30332,23.65,Bacterial,OK,High,Low Risk,0,
Turkey,2003,Hiv/Aids,Metabolic,18.56,0.9,7.51,0,18,Female,751970,92.95,0.89,2.85,Vaccination,25402,No,78.8,3688,2.15,57913,41.13,Viral,OK,High,High Risk,0,
India,2017,Polio,Cardiovascular,1.26,6.79,7.42,36,60,Other,243846,50.4,2.08,5.39,Medication,9681,No,60.5,4084,6.72,56210,78.17,Viral,OK,Low,High Risk,0,
India,2010,Ebola,Genetic,4.21,11,7.01,0,18,Male,656226,73.58,2.35,2.5,Medication,27378,Yes,75.42,1953,4.68,44096,84.27,Viral,OK,High,High Risk,0,
Turkey,2009,Parkinson'S Disease,Parasitic,0.13,4.88,5.56,36,60,Other,928625,77.83,1.09,7.68,Surgery,16925,No,92.6,1011,9.73,4928,21.46,Neurological,OK,Medium,High Risk,0,
Brazil,2024,Diabetes,Genetic,0.73,9.28,1.09,19,35,Male,4233,54.43,2.58,3.1,Therapy,2078,No,61.8,386,3.23,73287,25.44,Metabolic,OK,Low,Low Risk,0,
Saudi Arabia,2013,Zika,Cardiovascular,5.02,12.51,7.95,36,60,Male,438887,83.75,4.59,2.83,Medication,785,No,60.11,561,7.37,50267,34.56,Viral,OK,Low,High Risk,0,
Japan,2003,Zika,Cardiovascular,8.85,10.11,5.56,61,60,Male,176109,74.09,4.95,4.28,Vaccination,3231,No,67.02,2578,4.26,54291,45.8,Viral,OK,Low,High Risk,0,
Mexico,2013,Influenza,Neurological,6.53,3.9,6.61,19,35,Female,845940,59.02,1.28,6.74,Medication,13525,No,96.32,4051,8.44,20428,68.48,Viral,OK,Medium,High Risk,0,
Germany,2008,Polio,Metabolic,15.02,0.38,7.85,19,35,Male,675112,95.64,2.01,9.62,Medication,37518,Yes,62.14,4181,5.4,66035,84.16,Viral,OK,High,High Risk,0,
Uk,2001,Asthma,Respiratory,15.09,1.39,5.28,19,35,Other,196827,66.84,1.08,1.76,Surgery,44835,No,52,2761,8.41,97683,66.41,Respiratory,OK,High,High Risk,0,
France,2012,Polio,Genetic,17.97,14.95,0.51,61,60,Male,472620,70.33,4.06,6.18,Vaccination,38948,No,58.35,2145,7.04,48508,42.88,Viral,OK,High,Low Risk,0,
Italy,2002,Hepatitis,Metabolic,11.27,14.1,6.54,61,60,Other,411017,97.91,2.91,6.25,Surgery,1544,No,92.64,1654,3.75,6620,48.04,Viral,OK,Low,High Risk,0,
Russia,2009,Covid-19,Respiratory,19.48,10.41,3.4,19,35,Male,929016,97.88,0.86,6.51,Surgery,12023,Yes,86.8,1771,8.2,63115,57.31,Viral,OK,Medium,Low Risk,0,
Uk,2008,Cancer,Bacterial,8.12,8.58,5.85,0,18,Male,432506,57.81,0.79,6.69,Vaccination,40742,No,97.46,812,9.21,5939,32.76,Chronic,OK,High,High Risk,0,
Nigeria,2003,Polio,Infectious,8.2,13.28,8.04,19,35,Male,197972,56.79,2.71,6.53,Medication,27625,No,63.55,1881,4.38,2347,68.52,Viral,OK,High,High Risk,0,
Australia,2013,Cancer,Cardiovascular,16.13,7.82,2.81,36,60,Male,75709,99.72,3.31,9.49,Therapy,24545,No,57.43,2607,2.22,41811,37.57,Chronic,OK,Medium,Low Risk,0,
Canada,2015,Cholera,Respiratory,0.2,12.46,0.62,19,35,Male,997992,60.93,3.26,4.44,Therapy,10376,Yes,93.68,2406,4.59,72805,22.52,Bacterial,OK,Medium,Low Risk,0,
Uk,2023,Polio,Bacterial,10.69,5.69,3.12,19,35,Male,55467,53.02,3.58,2.32,Vaccination,10052,No,71.01,959,5.57,87935,89.02,Viral,OK,Medium,Low Risk,0,
South Africa,2001,Dengue,Viral,5.36,12.16,1.15,36,60,Other,943366,59.36,1.21,2.65,Therapy,19131,Yes,86.17,456,6.91,77661,39.8,Viral,OK,Medium,Low Risk,0,
Usa,2020,Influenza,Metabolic,8.06,0.4,2.78,61,60,Male,871292,60.95,2.81,8.16,Therapy,49671,Yes,58.75,1458,1.23,31474,55.38,Viral,OK,High,Low Risk,0,
Argentina,2012,Malaria,Genetic,2.71,10.97,5.68,19,35,Female,837164,95.72,3.28,3.33,Surgery,26506,Yes,89.14,2779,6.35,56606,67.91,Parasitic,OK,High,High Risk,0,
Brazil,2021,Malaria,Parasitic,12.12,4.91,5.55,0,18,Male,767760,76.47,3.31,9.86,Vaccination,38837,No,76.76,4643,6.57,53833,64.3,Parasitic,OK,High,High Risk,0,
China,2013,Cancer,Viral,15.57,4.01,4.44,36,60,Male,386948,98.78,4.17,7.51,Medication,3109,No,67.24,1330,7.33,77104,61.36,Chronic,OK,Low,Low Risk,0,
Brazil,2009,Rabies,Autoimmune,4.96,5.73,6.74,61,60,Male,468156,80.73,4.03,9.4,Therapy,15324,No,90.18,3420,9.89,94506,68.94,Viral,OK,Medium,High Risk,0,
Russia,2012,Asthma,Chronic,4.82,6.69,2.02,36,60,Female,695608,86.77,1.97,7.3,Therapy,16648,No,94.04,3429,0.77,80558,67.57,Respiratory,OK,Medium,Low Risk,0,
Brazil,2016,Leprosy,Autoimmune,1.22,11.06,9.54,61,60,Female,78563,77.08,2.28,4.37,Medication,20016,No,86.81,2023,0.05,15506,36.11,Bacterial,OK,Medium,High Risk,0,
Russia,2021,Diabetes,Autoimmune,14.29,1.57,7.12,0,18,Female,920061,70.1,2.61,4.03,Vaccination,38676,No,87.97,2370,0.24,87314,39.47,Metabolic,OK,High,High Risk,0,
Turkey,2020,Parkinson'S Disease,Bacterial,19.87,2.85,8.83,0,18,Other,869772,95.5,4.54,6.46,Therapy,42978,No,91.8,66,3.67,14709,48.44,Neurological,OK,High,High Risk,0,
Mexico,2008,Dengue,Parasitic,3.21,9.93,3.15,19,35,Other,173719,78.85,0.58,4.91,Therapy,49028,No,92.23,3335,4.82,13343,74.5,Viral,OK,High,Low Risk,0,
Australia,2020,Malaria,Genetic,12.89,12.34,1.52,36,60,Other,108176,54.73,3.32,5.35,Medication,9153,Yes,85.7,3411,1.03,13201,34.93,Parasitic,OK,Low,Low Risk,0,
Australia,2006,Hypertension,Respiratory,13.42,7.87,6.43,19,35,Female,635718,86.96,1.89,3.9,Medication,34292,No,59.44,23,5.58,54642,24.4,Cardiovascular,OK,High,High Risk,0,
Nigeria,2013,Covid-19,Genetic,16.42,3.73,9.38,0,18,Other,54680,79.4,1.94,1.49,Therapy,18609,Yes,59.41,3752,8.61,1528,70.12,Viral,OK,Medium,High Risk,0,
Japan,2013,Alzheimer'S Disease,Metabolic,6.24,2.74,0.38,19,35,Female,574312,88.68,0.82,4.68,Vaccination,22952,Yes,51.68,2959,0.87,17778,34.27,Neurological,OK,Medium,Low Risk,0,
South Korea,2023,Ebola,Chronic,9.74,11.62,3.87,0,18,Male,15852,91.8,2.92,8.71,Vaccination,33473,Yes,76.67,3585,3.33,33284,47.29,Viral,OK,High,Low Risk,0,
Saudi Arabia,2024,Malaria,Chronic,13.4,11.44,9.59,61,60,Other,259325,63.99,3.16,5.84,Surgery,14273,Yes,90.56,4937,7.2,78046,70.02,Parasitic,OK,Medium,High Risk,0,
China,2023,Cancer,Genetic,18.82,1.97,0.55,19,35,Male,421832,87.89,1.42,3.33,Vaccination,49084,Yes,83.95,2231,1.4,49305,30.79,Chronic,OK,High,Low Risk,0,
China,2013,Hepatitis,Metabolic,15.83,0.95,2.06,36,60,Male,696874,72.54,2.28,8.5,Surgery,44472,Yes,54.76,1410,9.36,33958,40.23,Viral,OK,High,Low Risk,0,
Australia,2003,Measles,Cardiovascular,13.62,5.88,2.9,61,60,Male,664678,90.61,3.14,4.88,Vaccination,16650,No,58.4,3739,9.92,64000,84.69,Viral,OK,Medium,Low Risk,0,
Japan,2010,Tuberculosis,Metabolic,8.19,14.32,5.89,0,18,Other,313216,57.24,2.33,7.01,Surgery,13382,No,90.54,3489,2.94,44123,52.46, Bacterial,OK,Medium,High Risk,0,
Turkey,2007,Dengue,Bacterial,15.55,12.9,6,61,60,Male,445868,73.53,0.85,7.33,Therapy,46459,No,83.86,836,1.69,94847,37.61,Viral,OK,High,High Risk,0,
South Korea,2007,Cholera,Genetic,5.13,6.29,2.12,61,60,Other,641206,85.48,0.67,4.46,Surgery,4233,Yes,65.96,1354,3.11,27899,47.13,Bacterial,OK,Low,Low Risk,0,
Mexico,2009,Ebola,Autoimmune,12.49,5.49,6.46,36,60,Male,970906,92.74,3.13,2.29,Medication,10256,Yes,94.83,556,7.33,92918,34.93,Viral,OK,Medium,High Risk,0,
Usa,2023,Dengue,Parasitic,12,5.12,9.81,19,35,Male,825564,60.93,2.6,7.1,Surgery,45724,Yes,52.79,2735,9.81,22960,59.6,Viral,OK,High,High Risk,0,
Usa,2004,Leprosy,Parasitic,12.46,8.02,2.27,36,60,Male,741313,51.61,3.24,5.53,Surgery,26577,No,93.78,4853,1.79,69394,52.76,Bacterial,OK,High,Low Risk,0,
Russia,2017,Diabetes,Respiratory,15.96,10.06,5.16,19,35,Male,753582,61.65,2.47,5.49,Medication,48049,No,58.86,4099,1.28,48858,75.36,Metabolic,OK,High,High Risk,0,
Saudi Arabia,2007,Diabetes,Parasitic,5.5,14.36,9.2,19,35,Other,546335,71.61,3.51,8.95,Surgery,37978,No,54.99,3313,4.68,65831,38.02,Metabolic,OK,High,High Risk,0,
Italy,2007,Hepatitis,Bacterial,10.86,4.27,7.6,36,60,Female,786494,87.48,0.53,1.4,Surgery,32906,Yes,67.71,3487,9.22,80649,57.03,Viral,OK,High,High Risk,0,
Russia,2000,Polio,Cardiovascular,18.78,13.15,8.79,0,18,Female,502933,68.39,0.81,7.72,Therapy,31272,Yes,64.8,1625,0.13,99433,64.48,Viral,OK,High,High Risk,0,
India,2002,Parkinson'S Disease,Bacterial,8.39,13.32,7.64,19,35,Other,664263,82.12,2.78,8.63,Vaccination,31921,Yes,96.66,298,9.55,51795,67.42,Neurological,OK,High,High Risk,0,
Uk,2014,Zika,Parasitic,7.72,0.19,1.47,0,18,Other,859912,74.33,1.35,1.9,Medication,19614,Yes,66.85,4547,0,37449,79.34,Viral,OK,Medium,Low Risk,0,
Germany,2015,Leprosy,Parasitic,7.71,9.52,5.16,36,60,Female,242729,79.06,4.17,9.9,Medication,43093,No,93.67,2410,3.78,58533,68.89,Bacterial,OK,High,High Risk,0,
India,2000,Tuberculosis,Neurological,4.11,12.63,3.34,19,35,Other,487858,72.5,3.81,1.75,Therapy,36473,Yes,63.61,1006,4.71,96423,82.85, Bacterial,OK,High,Low Risk,0,
Argentina,2018,Influenza,Cardiovascular,10.17,3.67,1.15,19,35,Female,547008,76.27,3.33,8.61,Surgery,28770,No,89.84,2174,7.55,45271,34,Viral,OK,High,Low Risk,0,
Italy,2017,Polio,Neurological,5.82,12.64,4.69,0,18,Female,780304,96.24,2.36,9.83,Therapy,44177,No,72.86,2317,8.27,52017,30.09,Viral,OK,High,Low Risk,0,
Germany,2018,Alzheimer'S Disease,Cardiovascular,16.48,0.49,7.75,0,18,Male,604361,64.79,0.68,4.45,Vaccination,11595,No,96.23,4504,3.45,16510,54.13,Neurological,OK,Medium,High Risk,0,
Argentina,2017,Malaria,Cardiovascular,13.13,9.85,1.08,36,60,Female,445865,70.18,2.04,5.28,Therapy,20492,No,53.74,3786,9.42,50516,67.37,Parasitic,OK,Medium,Low Risk,0,
Germany,2020,Polio,Viral,1.6,10.78,2.3,36,60,Other,583108,68.29,4.65,3.78,Therapy,31708,No,97.8,3740,7.11,85897,55.51,Viral,OK,High,Low Risk,0,
Canada,2010,Malaria,Neurological,4.26,13.73,0.16,36,60,Male,996493,64.39,4.74,1.9,Medication,37562,Yes,67.9,4134,2.93,70904,70.87,Parasitic,OK,High,Low Risk,0,
Indonesia,2016,Ebola,Respiratory,5.09,9.7,0.37,19,35,Female,794791,79.41,2.98,8.97,Medication,7037,No,91.09,408,4.93,7672,41.64,Viral,OK,Low,Low Risk,0,
Brazil,2000,Zika,Metabolic,14.48,5.42,3.49,61,60,Female,391316,98.41,1.34,7.7,Therapy,1036,Yes,71.26,4789,5.72,54529,22.22,Viral,OK,Low,Low Risk,0,
Indonesia,2011,Measles,Genetic,0.7,7.19,5.33,36,60,Other,622322,73.18,3.13,7.37,Vaccination,15470,Yes,52.66,26,8.16,54588,41.92,Viral,OK,Medium,High Risk,0,
France,2008,Rabies,Autoimmune,4.21,8.48,3.49,19,35,Other,960461,55.28,1.5,4.19,Therapy,8740,No,72.57,1719,3.93,42149,74.76,Viral,OK,Low,Low Risk,0,
Nigeria,2017,Diabetes,Parasitic,12.36,13.74,2.65,61,60,Male,66129,93.82,4.61,1.86,Surgery,25753,Yes,94.81,1792,5.5,67111,52.95,Metabolic,OK,High,Low Risk,0,
Saudi Arabia,2020,Rabies,Viral,13.62,3.99,6.26,61,60,Male,492240,82.48,2.13,1.03,Medication,18272,No,78.6,2439,3.29,72145,24.82,Viral,OK,Medium,High Risk,0,
Australia,2019,Influenza,Cardiovascular,6.98,3.24,5.95,36,60,Other,530109,80.27,4.06,7.35,Surgery,37990,No,86.87,2150,0.29,53867,80.69,Viral,OK,High,High Risk,0,
South Korea,2024,Parkinson'S Disease,Metabolic,19.7,12.87,6.32,36,60,Male,554052,91.59,2.68,9.11,Therapy,48474,No,97.27,4279,7.01,12187,23.56,Neurological,OK,High,High Risk,0,
Japan,2019,Dengue,Metabolic,19.2,1.97,7.48,61,60,Female,376897,73.74,0.7,5.93,Medication,34135,No,64.37,3811,3.14,26749,67.9,Viral,OK,High,High Risk,0,
Uk,2011,Diabetes,Genetic,5.72,10.06,1.41,19,35,Female,161946,67.48,4.25,6.16,Therapy,9037,No,80.78,1377,6.2,91002,72.18,Metabolic,OK,Low,Low Risk,0,
South Korea,2023,Rabies,Chronic,12.65,1.03,4.51,0,18,Male,485252,91.37,4.34,8.99,Therapy,45917,Yes,76.25,3751,9.47,78729,76.45,Viral,OK,High,Low Risk,0,
Australia,2024,Parkinson'S Disease,Autoimmune,9.28,6.83,2.54,0,18,Female,212421,72.33,0.62,1.88,Therapy,44685,No,67.4,668,8.6,61135,83.2,Neurological,OK,High,Low Risk,0,
Saudi Arabia,2002,Diabetes,Cardiovascular,10.88,1.36,7.36,61,60,Female,747469,83.96,4.02,6.89,Medication,38584,Yes,97.16,1287,6.48,33433,51.69,Metabolic,OK,High,High Risk,0,
Usa,2005,Polio,Parasitic,7.12,13.74,5.82,19,35,Female,331204,89.47,4.44,8.34,Therapy,33487,Yes,74.97,3499,4.26,1260,61.63,Viral,OK,High,High Risk,0,
Australia,2016,Hypertension,Autoimmune,8.63,1.82,8.79,61,60,Male,119821,68.25,0.53,4.75,Medication,13684,No,82.17,3334,5.04,54058,49.33,Cardiovascular,OK,Medium,High Risk,0,
Australia,2020,Hiv/Aids,Parasitic,6.06,4.94,8.39,61,60,Other,634580,52.03,3.17,1.9,Vaccination,2135,Yes,76.59,1098,4.86,73531,64.03,Viral,OK,Low,High Risk,0,
Saudi Arabia,2001,Influenza,Neurological,6.23,14.48,7.53,19,35,Male,122738,57.7,4.78,6.79,Medication,47709,Yes,98.83,2900,5.94,70479,40.69,Viral,OK,High,High Risk,0,
Australia,2015,Ebola,Genetic,1.38,8,5.82,19,35,Other,549267,65.6,1.35,2.91,Surgery,14131,Yes,88.82,374,0.87,76932,79.87,Viral,OK,Medium,High Risk,0,
Japan,2004,Rabies,Autoimmune,0.35,9.2,4.61,61,60,Female,108017,67.46,0.8,5.69,Surgery,48684,No,81.76,2133,9.15,99547,62.18,Viral,OK,High,Low Risk,0,
Brazil,2012,Covid-19,Bacterial,16.96,10.94,1.14,0,18,Female,649479,55.18,4.19,7.33,Surgery,4420,No,69.43,3022,9.01,39858,52.51,Viral,OK,Low,Low Risk,0,
South Africa,2000,Ebola,Bacterial,10.43,12.28,4.08,61,60,Male,628263,61.13,2.79,7.22,Therapy,21268,No,77.85,1716,6.49,67632,63.85,Viral,OK,Medium,Low Risk,0,
Italy,2020,Rabies,Chronic,9.92,2.92,2.57,61,60,Female,833716,75.16,2.12,0.93,Therapy,23376,No,77.88,4432,3.25,92888,49.97,Viral,OK,Medium,Low Risk,0,
Usa,2012,Alzheimer'S Disease,Chronic,12.6,11.93,4.71,0,18,Male,792327,72.73,3.45,5.25,Surgery,1643,No,65.47,3823,1.59,91464,28.6,Neurological,OK,Low,Low Risk,0,
China,2001,Dengue,Parasitic,8.68,1.07,2.32,36,60,Other,112276,77.59,3.42,0.81,Therapy,1976,Yes,61.64,4734,9.41,99269,66.95,Viral,OK,Low,Low Risk,0,
Argentina,2014,Asthma,Neurological,12.73,8.53,3.42,0,18,Female,267470,55.57,1.27,3.96,Medication,39981,Yes,50.41,4447,4.42,78847,54.25,Respiratory,OK,High,Low Risk,0,
China,2019,Alzheimer'S Disease,Bacterial,12.37,1.92,8.57,61,60,Male,674211,86.77,1.15,3.22,Vaccination,30285,No,58.38,521,0.4,12288,78.13,Neurological,OK,High,High Risk,0,
Turkey,2007,Dengue,Autoimmune,8.83,9.3,3.08,61,60,Male,327893,51.36,3.12,4.87,Medication,38755,No,58.18,4823,2.06,61524,52.11,Viral,OK,High,Low Risk,0,
Uk,2016,Covid-19,Genetic,17.8,9.5,8.53,61,60,Other,988281,88.05,2.9,6.97,Vaccination,33812,Yes,55.19,2484,6.08,94279,23.67,Viral,OK,High,High Risk,0,
Nigeria,2021,Asthma,Bacterial,13.26,5.25,9.15,36,60,Other,252392,63.71,2.41,3.2,Therapy,949,Yes,88.03,2076,1.84,71761,72.54,Respiratory,OK,Low,High Risk,0,
Australia,2003,Leprosy,Respiratory,12.86,9.48,2.11,36,60,Other,941410,72.74,1.99,1.96,Medication,13611,Yes,85.86,2390,4.79,73626,46.91,Bacterial,OK,Medium,Low Risk,0,
Turkey,2011,Zika,Bacterial,9.26,12.59,8.1,61,60,Male,863096,94.83,1.39,6.03,Medication,49528,Yes,76.29,831,8.35,42938,24.87,Viral,OK,High,High Risk,0,
Australia,2019,Zika,Chronic,7.27,1.81,8.44,36,60,Female,923238,51.58,4.97,2.57,Surgery,21613,Yes,87.9,3464,6.53,36762,82.5,Viral,OK,Medium,High Risk,0,
Mexico,2002,Cholera,Neurological,15.48,2.37,1.28,19,35,Male,795152,84.52,1.66,4.09,Therapy,5227,Yes,78.25,3299,2.32,62623,76.02,Bacterial,OK,Low,Low Risk,0,
Russia,2005,Hiv/Aids,Bacterial,13.66,10.43,0.54,36,60,Male,150727,56.03,1.18,0.99,Surgery,10313,No,98.5,970,1.49,31288,47.86,Viral,OK,Medium,Low Risk,0,
Turkey,2011,Measles,Genetic,1.9,6.1,3.18,36,60,Male,380677,82.38,1.07,6.2,Medication,25818,No,88.93,34,7.12,80121,46.02,Viral,OK,High,Low Risk,0,
Australia,2011,Hypertension,Respiratory,3.45,4.54,4.9,61,60,Male,593948,74.16,2.23,6.26,Vaccination,40570,Yes,87.63,1313,2.9,11114,60.02,Cardiovascular,OK,High,Low Risk,0,
Mexico,2024,Rabies,Autoimmune,8.75,11.65,2.55,36,60,Male,62382,51.41,0.89,5.62,Therapy,11265,Yes,96.72,4162,6.38,34684,64.67,Viral,OK,Medium,Low Risk,0,
South Korea,2018,Covid-19,Autoimmune,5.68,5.18,7.41,61,60,Male,130852,79.45,1.32,5.3,Surgery,42881,Yes,69.89,286,9.92,68898,39.47,Viral,OK,High,High Risk,0,
Turkey,2007,Cancer,Autoimmune,11.36,6.84,0.33,19,35,Other,422894,56.41,3.01,1.39,Surgery,478,Yes,72.14,781,9.31,59914,88.13,Chronic,OK,Low,Low Risk,0,
Germany,2009,Hiv/Aids,Respiratory,0.97,3.97,2.22,0,18,Female,881564,89.55,4.04,6.1,Surgery,46305,No,61.33,3311,5.89,23002,37.53,Viral,OK,High,Low Risk,0,
Uk,2022,Ebola,Infectious,13.47,1.67,7.39,0,18,Male,757339,62.94,1.86,2.72,Surgery,22504,Yes,93.31,1707,3.28,29661,65.25,Viral,OK,Medium,High Risk,0,
Uk,2020,Diabetes,Bacterial,0.64,7.28,1.91,19,35,Male,140343,53.97,1.9,9.73,Vaccination,33721,No,95.04,2041,6.01,58838,36.66,Metabolic,OK,High,Low Risk,0,
China,2024,Rabies,Chronic,6.38,12,4.29,61,60,Other,505477,92.74,1.37,9.02,Vaccination,31813,Yes,57.61,1872,8.87,41320,53.19,Viral,OK,High,Low Risk,0,
India,2023,Ebola,Parasitic,5.41,5.39,8.18,36,60,Other,202968,81.03,1.61,8.6,Medication,48771,Yes,96.97,1854,5.13,11353,27.29,Viral,OK,High,High Risk,0,
Saudi Arabia,2014,Asthma,Respiratory,12.52,8,3.27,19,35,Male,679341,53.21,2.86,9.82,Surgery,21986,Yes,59.25,4051,9.09,42231,55.44,Respiratory,OK,Medium,Low Risk,0,
Indonesia,2017,Zika,Infectious,11.76,3.46,4.69,36,60,Female,927687,55.55,1.49,9.91,Surgery,25038,No,57.22,3544,3.75,53300,59.25,Viral,OK,High,Low Risk,0,
Japan,2024,Hypertension,Cardiovascular,15.89,1.56,3.22,61,60,Male,505520,99.7,2.43,5.91,Surgery,22596,No,66.54,2959,5.08,19393,67.6,Cardiovascular,OK,Medium,Low Risk,0,
France,2015,Tuberculosis,Chronic,16.5,5.67,3.37,36,60,Male,758816,69.48,1.08,8.17,Surgery,22490,No,95.16,1044,3.36,87642,43.04, Bacterial,OK,Medium,Low Risk,0,
Australia,2022,Parkinson'S Disease,Respiratory,1.21,11.67,7.07,36,60,Female,968955,84.01,1.64,8.61,Therapy,34503,Yes,64.35,996,6.53,45564,62.99,Neurological,OK,High,High Risk,0,
Nigeria,2019,Polio,Chronic,8.75,3.59,8.32,19,35,Other,190562,72.22,1.89,7.42,Vaccination,7261,No,85.8,3348,3.45,97990,25.25,Viral,OK,Low,High Risk,0,
Turkey,2011,Hepatitis,Genetic,19.67,8.35,0.46,19,35,Male,269256,73.95,3.36,8.22,Surgery,40169,No,58.02,62,8.43,88099,78.01,Viral,OK,High,Low Risk,0,
France,2003,Influenza,Chronic,12.3,5.28,8.24,19,35,Other,957488,75.8,3.03,8.13,Surgery,8650,No,91.51,3832,7.11,98804,58.65,Viral,OK,Low,High Risk,0,
Indonesia,2020,Ebola,Neurological,1.37,0.11,0.71,36,60,Female,107468,77.8,3.76,3.67,Surgery,44598,No,66.37,3606,6.14,30664,55.09,Viral,OK,High,Low Risk,0,
Turkey,2004,Tuberculosis,Autoimmune,12.75,10.41,1.88,61,60,Female,322573,94.26,2.41,6.39,Therapy,20475,No,81.02,4142,2.6,54219,43.73, Bacterial,OK,Medium,Low Risk,0,
India,2022,Cancer,Neurological,12.16,5.23,4.93,61,60,Female,462287,83.75,0.74,6.91,Medication,32568,Yes,92.27,859,0.27,78009,31.35,Chronic,OK,High,Low Risk,0,
France,2011,Alzheimer'S Disease,Infectious,1.38,1.53,9.42,19,35,Male,181315,71.72,2.7,8.55,Surgery,10746,No,74.96,145,8.71,95953,36.68,Neurological,OK,Medium,High Risk,0,
China,2013,Parkinson'S Disease,Genetic,18.11,9.69,7.56,61,60,Other,245909,60.16,1.86,2.53,Vaccination,15331,No,64.27,4961,1.31,53838,55.44,Neurological,OK,Medium,High Risk,0,
Indonesia,2000,Influenza,Neurological,5.34,4.94,5.99,36,60,Female,681502,77.7,3.78,2.08,Surgery,28124,Yes,94.56,4420,7.73,18554,21.94,Viral,OK,High,High Risk,0,
Canada,2022,Zika,Parasitic,9.44,11.41,0.52,36,60,Other,745297,63.19,1.97,0.64,Medication,7225,No,88.15,1192,7.08,43161,35.54,Viral,OK,Low,Low Risk,0,
Russia,2004,Asthma,Metabolic,6.73,0.94,1.31,0,18,Female,239170,83.78,0.87,3.5,Surgery,18996,No,55.62,3480,6.52,13449,49.91,Respiratory,OK,Medium,Low Risk,0,
Argentina,2011,Leprosy,Infectious,12.29,14.99,1.94,61,60,Male,23450,67.16,3.15,2.16,Therapy,23639,Yes,72.18,1342,2.19,7801,74.7,Bacterial,OK,Medium,Low Risk,0,
Russia,2005,Zika,Respiratory,18.94,0.55,8.57,0,18,Other,94432,82.88,1.87,7.01,Vaccination,28086,Yes,54.8,448,7.26,34306,83.05,Viral,OK,High,High Risk,0,
Nigeria,2018,Malaria,Neurological,16.68,7.65,3.93,19,35,Male,761670,64.94,2.82,7.2,Surgery,40877,No,89.53,44,9.87,78847,83.3,Parasitic,OK,High,Low Risk,0,
Argentina,2004,Parkinson'S Disease,Chronic,1.85,11.9,1.07,0,18,Other,429160,81.16,2.17,0.87,Medication,45822,No,79.78,1994,0.9,39147,25.19,Neurological,OK,High,Low Risk,0,
Russia,2011,Dengue,Genetic,13.59,4.93,5.69,36,60,Male,588749,72.36,3.94,9.41,Vaccination,25076,No,55.83,1453,7.43,55758,74.09,Viral,OK,High,High Risk,0,
Canada,2017,Zika,Metabolic,17.12,11.21,9.83,0,18,Other,994638,69.64,1.59,8.99,Surgery,32605,No,80.55,1423,3.32,59121,73.08,Viral,OK,High,High Risk,0,
Canada,2019,Parkinson'S Disease,Metabolic,7.67,11.75,9.43,19,35,Female,74107,63.52,4.78,5.83,Surgery,45020,No,81.39,1309,9.86,15781,40.58,Neurological,OK,High,High Risk,0,
Nigeria,2014,Zika,Respiratory,19.55,11.39,9.65,19,35,Male,808334,95.38,3.05,9.96,Therapy,10561,No,76.6,1517,3.75,6733,41.75,Viral,OK,Medium,High Risk,0,
Italy,2019,Parkinson'S Disease,Neurological,7.86,11.62,4.49,61,60,Male,461301,57.71,4.58,4.43,Medication,7373,No,72.27,4989,1.04,71945,43.67,Neurological,OK,Low,Low Risk,0,
Mexico,2006,Ebola,Neurological,13.79,11.33,3.77,0,18,Female,271269,51.77,4.66,0.52,Surgery,38674,Yes,92.08,758,4.99,30397,36.38,Viral,OK,High,Low Risk,0,
Saudi Arabia,2023,Cholera,Viral,5.85,3.44,1.98,61,60,Female,495571,76.08,1.54,4.51,Medication,21081,Yes,54.43,1666,9.81,23578,53.75,Bacterial,OK,Medium,Low Risk,0,
Japan,2019,Dengue,Autoimmune,19.73,9.45,3.46,0,18,Male,485580,70.88,1.88,4.25,Medication,46130,No,95.33,2429,3.24,43160,69.6,Viral,OK,High,Low Risk,0,
Nigeria,2022,Rabies,Bacterial,7.52,5.48,0.79,19,35,Female,356524,95.79,2.82,1.89,Therapy,28844,No,75.59,3733,0.41,3366,55.05,Viral,OK,High,Low Risk,0,
Mexico,2012,Measles,Viral,1.38,2.68,4.4,19,35,Male,536766,54.72,3.67,5.62,Surgery,39501,No,84.53,3375,6.88,61532,42.61,Viral,OK,High,Low Risk,0,
Japan,2021,Rabies,Metabolic,5.07,1.84,5.82,19,35,Female,799746,82.7,3.05,4.79,Vaccination,38929,No,59.74,2835,0.05,42870,34.63,Viral,OK,High,High Risk,0,
China,2001,Zika,Chronic,17.58,13.55,1.24,36,60,Other,19064,61.06,3.53,3.46,Medication,3599,Yes,64.94,3493,7.98,55656,38.88,Viral,OK,Low,Low Risk,0,
Australia,2023,Leprosy,Viral,15.88,7.06,4.39,19,35,Female,798913,83.71,4.77,1.14,Therapy,11473,No,78.43,50,9.66,86234,62.34,Bacterial,OK,Medium,Low Risk,0,
Usa,2001,Alzheimer'S Disease,Chronic,15.92,0.31,0.2,36,60,Male,653764,95.67,3.57,2.95,Vaccination,48126,No,72.62,2622,6.4,11783,53.47,Neurological,OK,High,Low Risk,0,
France,2020,Tuberculosis,Neurological,9.13,13.68,4.57,61,60,Other,88365,58.66,1.74,7.52,Therapy,44342,No,54.69,3799,8.57,7982,87.38, Bacterial,OK,High,Low Risk,0,
Usa,2005,Covid-19,Genetic,7.45,13.13,6.72,19,35,Other,985973,59.19,4.62,1.41,Medication,35309,No,64.1,3353,2.17,9984,43.01,Viral,OK,High,High Risk,0,
Japan,2016,Influenza,Chronic,1.82,11.86,2.39,0,18,Other,450550,65.27,4.12,3.23,Therapy,8204,No,82.65,3240,6.3,27471,72.89,Viral,OK,Low,Low Risk,0,
Australia,2013,Covid-19,Bacterial,11.45,11.28,9.36,61,60,Female,324553,52.03,4.66,5.91,Medication,13303,Yes,51.05,1780,9.1,14702,32.78,Viral,OK,Medium,High Risk,0,
South Korea,2006,Cancer,Metabolic,4.78,6.86,0.12,36,60,Male,898336,76.11,1.99,7.09,Therapy,9581,Yes,74.45,3972,4.11,66146,50.57,Chronic,OK,Low,Low Risk,0,
South Africa,2011,Hiv/Aids,Autoimmune,8.82,0.94,3.38,0,18,Male,608766,72.23,2.7,1.54,Surgery,26357,Yes,55.16,2088,4.96,24979,55.16,Viral,OK,High,Low Risk,0,
Mexico,2004,Measles,Genetic,6.23,2.53,3.12,36,60,Male,331715,61.06,2.65,5.82,Therapy,25583,Yes,74.28,1797,7.39,51635,59.05,Viral,OK,High,Low Risk,0,
France,2002,Influenza,Viral,8.39,10.3,7,36,60,Female,566300,55.09,2.72,1.36,Therapy,28493,No,95.1,3303,3.34,6911,21.25,Viral,OK,High,High Risk,0,
South Africa,2022,Polio,Cardiovascular,18.88,11.8,9.99,36,60,Female,561212,75.27,3.67,4.79,Medication,15088,No,67.72,2669,2.56,84467,61.49,Viral,OK,Medium,High Risk,0,
Canada,2002,Cholera,Neurological,19.53,1.97,2.08,36,60,Male,328948,50.86,1.99,8.73,Surgery,2507,Yes,62.29,4595,1.04,71946,51.67,Bacterial,OK,Low,Low Risk,0,
Indonesia,2009,Cholera,Neurological,15.11,6.88,2.52,19,35,Female,809983,58.8,3.66,7.47,Vaccination,34655,Yes,74.81,989,0.24,48252,74.73,Bacterial,OK,High,Low Risk,0,
Brazil,2013,Leprosy,Respiratory,14.42,12.89,1.1,61,60,Female,630793,61.59,0.51,2.2,Vaccination,44286,Yes,95.19,3132,8.33,82161,67.63,Bacterial,OK,High,Low Risk,0,
Uk,2003,Malaria,Metabolic,9.46,1.89,8.11,19,35,Male,505295,65.92,2.7,6.67,Surgery,25105,Yes,62.69,672,6.83,27442,21.12,Parasitic,OK,High,High Risk,0,
Indonesia,2013,Hepatitis,Bacterial,12.12,10.46,9.68,19,35,Male,849820,77.26,4.23,0.65,Surgery,38737,Yes,71.31,4545,8.27,13662,72.88,Viral,OK,High,High Risk,0,
Japan,2003,Leprosy,Metabolic,18.35,4.56,7.08,36,60,Female,90090,57.82,2.52,7.92,Medication,49392,No,94.6,3826,4.51,82818,34.35,Bacterial,OK,High,High Risk,0,
Mexico,2006,Influenza,Respiratory,8.87,9.33,2.73,36,60,Other,232757,83.33,4.64,4.05,Vaccination,45105,No,64.62,3520,1.46,65177,22.67,Viral,OK,High,Low Risk,0,
Italy,2006,Polio,Metabolic,9.4,11.78,6.43,19,35,Female,39955,98.33,0.7,6.89,Medication,17911,Yes,68.46,2148,7.8,46301,61.11,Viral,OK,Medium,High Risk,0,
Russia,2008,Asthma,Genetic,9.2,5.62,8.11,36,60,Female,190835,53.99,3.77,4.45,Vaccination,12362,No,53.92,4800,9.13,73195,84.25,Respiratory,OK,Medium,High Risk,0,
Russia,2005,Dengue,Viral,5.73,2.78,6.74,61,60,Male,462925,93.04,4.39,7.76,Medication,34429,No,84.51,304,9.64,52338,41.79,Viral,OK,High,High Risk,0,
China,2009,Hypertension,Metabolic,15.4,8.81,9.02,36,60,Male,795379,63.58,1.45,3.58,Vaccination,44457,No,75.81,3048,5.18,5409,65.67,Cardiovascular,OK,High,High Risk,0,
Japan,2002,Leprosy,Cardiovascular,15.39,12.12,4.78,0,18,Male,264016,86.42,3.74,4.81,Medication,14256,No,63.08,1059,1.18,63922,54.95,Bacterial,OK,Medium,Low Risk,0,
Russia,2008,Rabies,Viral,1.42,6.87,2.96,0,18,Female,556432,79.68,2.06,3.67,Vaccination,47012,No,77.54,2281,0.08,8752,77.92,Viral,OK,High,Low Risk,0,
Argentina,2006,Leprosy,Infectious,16.05,14,9.57,19,35,Male,786438,83.81,0.51,4.13,Vaccination,632,No,87.45,1712,1.49,40332,31.49,Bacterial,OK,Low,High Risk,0,
Mexico,2021,Cholera,Neurological,17,0.51,4.65,61,60,Other,576477,82.73,4.46,4.31,Surgery,33907,Yes,81.74,219,7.84,56471,24.53,Bacterial,OK,High,Low Risk,0,
France,2003,Ebola,Neurological,15.22,10.33,1.46,61,60,Other,572869,86.4,4.68,6.92,Therapy,37460,No,97.31,186,5.59,71778,28,Viral,OK,High,Low Risk,0,
Germany,2022,Leprosy,Bacterial,12.75,5.26,0.12,19,35,Male,932796,56.17,3.74,3.74,Therapy,14925,No,59.29,4043,2.43,49037,30.38,Bacterial,OK,Medium,Low Risk,0,
Turkey,2020,Covid-19,Cardiovascular,14.63,4.26,2.67,36,60,Other,189141,92.46,0.7,8.98,Therapy,27140,Yes,61.52,2571,7.65,80634,78.65,Viral,OK,High,Low Risk,0,
Saudi Arabia,2010,Hypertension,Chronic,9.76,12.87,1.03,0,18,Female,180999,55.04,2.59,3.91,Therapy,45581,Yes,77.07,3574,0.44,30186,48.1,Cardiovascular,OK,High,Low Risk,0,
Argentina,2000,Hypertension,Infectious,13.67,12.83,6.94,61,60,Male,363360,53.59,1.82,6.26,Surgery,12141,No,53.56,3558,8.86,22310,20.53,Cardiovascular,OK,Medium,High Risk,0,
Indonesia,2017,Parkinson'S Disease,Bacterial,10.98,9.7,5.39,0,18,Other,361064,55.71,2.84,0.64,Vaccination,41744,Yes,51.69,4440,7.76,7192,60.87,Neurological,OK,High,High Risk,0,
France,2000,Alzheimer'S Disease,Autoimmune,12.52,6.73,4.61,19,35,Female,209982,59.8,1.88,6.53,Vaccination,32484,No,73.7,3778,1.07,866,63.41,Neurological,OK,High,Low Risk,0,
South Korea,2013,Cholera,Bacterial,17.24,13,6.09,0,18,Female,475133,89.55,3.45,3.02,Medication,24813,Yes,56.29,3904,9.77,60358,60.29,Bacterial,OK,Medium,High Risk,0,
Brazil,2008,Alzheimer'S Disease,Autoimmune,6.46,13.76,2.27,36,60,Male,998568,92.71,4.47,6.06,Vaccination,38135,No,67.41,4249,0.47,16932,58.73,Neurological,OK,High,Low Risk,0,
Nigeria,2000,Dengue,Metabolic,15.65,10.07,1.4,61,60,Female,290272,76.9,1.83,7.91,Vaccination,1774,No,76.34,2551,7.5,87464,37.15,Viral,OK,Low,Low Risk,0,
Usa,2023,Hiv/Aids,Parasitic,6.87,12.19,8.07,0,18,Male,154673,99.94,1.16,3.04,Therapy,36734,Yes,55.05,2507,7.33,89593,21.39,Viral,OK,High,High Risk,0,
Turkey,2003,Leprosy,Genetic,5.23,0.9,9.16,19,35,Female,481752,58.82,0.64,9.54,Therapy,38810,Yes,98.89,1344,3.57,99265,53.62,Bacterial,OK,High,High Risk,0,
Italy,2007,Measles,Respiratory,11.38,5.57,0.99,36,60,Male,295698,53.59,3.58,8.23,Medication,24950,Yes,91.66,4069,6.1,63691,64.77,Viral,OK,Medium,Low Risk,0,
Turkey,2006,Polio,Parasitic,18.46,7.78,6.42,61,60,Other,232518,72,3.82,8.28,Therapy,10978,No,58.57,2663,8.84,91495,46.95,Viral,OK,Medium,High Risk,0,
Turkey,2000,Hiv/Aids,Autoimmune,15.25,2.38,8.78,0,18,Male,700885,65.14,4.38,9.87,Medication,46322,Yes,74.12,4389,6.7,50561,67.75,Viral,OK,High,High Risk,0,
South Africa,2004,Ebola,Respiratory,12.68,7.07,0.53,61,60,Male,589027,61.23,1.94,1.42,Vaccination,39038,Yes,77.24,1346,4.65,63415,20.52,Viral,OK,High,Low Risk,0,
Uk,2015,Rabies,Bacterial,9.72,4.59,1.59,61,60,Female,192154,82.83,2.65,8.61,Surgery,37104,Yes,89.68,1597,4.22,27441,34.22,Viral,OK,High,Low Risk,0,
Russia,2017,Measles,Bacterial,12.64,0.51,6.44,0,18,Female,394381,98.55,1.48,9.32,Surgery,44191,Yes,67.3,1832,1.85,34263,58.29,Viral,OK,High,High Risk,0,
Canada,2019,Hiv/Aids,Viral,13.73,0.58,8.07,36,60,Female,637923,87.26,4.84,1.27,Surgery,29201,No,92.88,4398,8.46,19062,52.06,Viral,OK,High,High Risk,0,
Argentina,2022,Rabies,Neurological,13.15,2.66,7.18,19,35,Other,691168,76.71,2.17,5.58,Surgery,48484,Yes,51.77,2223,1.78,21498,26.58,Viral,OK,High,High Risk,0,
Italy,2016,Leprosy,Neurological,0.72,11.12,0.43,19,35,Female,628421,53.98,3.85,6.64,Vaccination,32105,Yes,96.37,107,7.41,92251,75.33,Bacterial,OK,High,Low Risk,0,
Canada,2005,Hepatitis,Genetic,16.07,4.32,0.85,61,60,Male,406260,93.68,3.19,9,Therapy,23364,Yes,72.06,1313,2.7,35441,60.44,Viral,OK,Medium,Low Risk,0,
Australia,2003,Rabies,Infectious,14.7,13.3,4.37,36,60,Female,689317,53.79,1.15,3.96,Surgery,37545,Yes,80.06,2920,5.44,95185,87.79,Viral,OK,High,Low Risk,0,
Australia,2004,Malaria,Respiratory,7.33,9.26,9.53,61,60,Other,217316,58.48,2.27,1.99,Surgery,47182,Yes,79.09,4515,3.79,10282,82.55,Parasitic,OK,High,High Risk,0,
Turkey,2009,Malaria,Autoimmune,13.13,6.01,2.89,61,60,Male,304189,63.79,3.76,2.54,Therapy,19007,Yes,97.78,1560,8.89,73363,26.6,Parasitic,OK,Medium,Low Risk,0,
Australia,2019,Hepatitis,Cardiovascular,5.08,11.98,4.77,36,60,Other,945415,80.87,4.89,7.25,Surgery,34824,Yes,74.91,3394,5.48,86523,51.63,Viral,OK,High,Low Risk,0,
Mexico,2023,Rabies,Chronic,14.09,7.69,5.95,19,35,Female,242948,72.29,1.9,2.52,Vaccination,1511,Yes,86.31,2203,6.46,99126,83.38,Viral,OK,Low,High Risk,0,
Indonesia,2023,Zika,Parasitic,10.39,8.03,2.37,19,35,Male,619109,51.8,1.63,6.18,Surgery,7457,Yes,59.54,4077,8.75,56532,71.47,Viral,OK,Low,Low Risk,0,
Germany,2000,Ebola,Respiratory,8.45,2.42,2.2,19,35,Male,750763,54.93,2.94,4.5,Therapy,44109,Yes,67.48,3706,1.44,85564,39.27,Viral,OK,High,Low Risk,0,
Turkey,2008,Polio,Neurological,2.04,2.33,2.06,36,60,Female,169432,78.75,2.59,2.38,Surgery,15875,No,54.88,2154,7.17,13979,34.48,Viral,OK,Medium,Low Risk,0,
Australia,2011,Cancer,Respiratory,19.43,13.49,5.76,19,35,Other,315669,64.04,3.1,6.1,Therapy,36173,No,85.17,2058,6.77,46509,86.16,Chronic,OK,High,High Risk,0,
Uk,2007,Hypertension,Genetic,3.42,4.23,8.49,0,18,Male,183719,70.07,2.18,8.3,Therapy,32051,Yes,66.06,4060,4.37,27358,54.33,Cardiovascular,OK,High,High Risk,0,
Japan,2003,Influenza,Parasitic,2.36,6.66,4.84,36,60,Other,332304,74.38,4.48,7.6,Surgery,9824,No,82.29,4840,1.11,77515,52.51,Viral,OK,Low,Low Risk,0,
South Korea,2016,Hypertension,Genetic,7.71,6.35,8.17,0,18,Female,468599,52.19,2.45,1.54,Medication,20535,No,58.73,4085,2.92,68288,61.3,Cardiovascular,OK,Medium,High Risk,0,
Canada,2010,Asthma,Genetic,6.29,2.81,7.6,0,18,Other,62204,99.96,1.46,4.67,Medication,4038,Yes,52.41,4064,5.52,8592,58.71,Respiratory,OK,Low,High Risk,0,
Nigeria,2000,Zika,Respiratory,9.5,14.66,4.95,36,60,Male,375401,82.3,3.75,6.98,Surgery,47533,No,95.28,636,8.24,58795,78.13,Viral,OK,High,Low Risk,0,
Nigeria,2007,Malaria,Respiratory,5.4,10.35,8.46,61,60,Other,148837,70.61,4.85,4.59,Medication,42325,Yes,78.16,1721,7.62,32308,34.73,Parasitic,OK,High,High Risk,0,
India,2009,Asthma,Respiratory,11.09,0.61,0.19,61,60,Male,443507,98.45,1.62,1.21,Medication,35639,Yes,74.77,3610,9.78,16646,28.3,Respiratory,OK,High,Low Risk,0,
China,2007,Leprosy,Autoimmune,18.57,0.33,1.47,36,60,Male,367840,65.1,0.62,2.21,Therapy,37204,Yes,66.61,1540,5.32,82814,70.26,Bacterial,OK,High,Low Risk,0,
Indonesia,2011,Alzheimer'S Disease,Genetic,13.23,8.9,6.4,19,35,Female,125602,98.84,4.31,4.69,Surgery,25257,No,70.73,2148,8.5,48290,79.54,Neurological,OK,High,High Risk,0,
South Africa,2001,Alzheimer'S Disease,Metabolic,7.92,4.81,1.69,19,35,Other,265689,61.93,3,3.77,Therapy,24301,No,62.54,2801,3.25,31323,36.91,Neurological,OK,Medium,Low Risk,0,
Usa,2021,Rabies,Genetic,15.35,10.93,0.54,36,60,Female,8728,66.2,1.69,1.05,Medication,42635,Yes,86.55,3624,3.53,7943,56.1,Viral,OK,High,Low Risk,0,
Brazil,2022,Hiv/Aids,Chronic,11.8,1.9,1.45,36,60,Other,959393,55.91,4.21,9.55,Vaccination,39717,Yes,50.28,4973,3.61,50253,57.75,Viral,OK,High,Low Risk,0,
China,2022,Asthma,Parasitic,4.74,6.86,1.66,0,18,Male,428767,86.24,3.82,3.85,Medication,7898,Yes,77.22,3685,9,14674,75.99,Respiratory,OK,Low,Low Risk,0,
Brazil,2001,Cancer,Parasitic,0.15,12.68,9.36,19,35,Male,358457,97.03,3.15,6.79,Therapy,28228,No,59.11,3346,0.07,41284,55.24,Chronic,OK,High,High Risk,0,
India,2015,Alzheimer'S Disease,Autoimmune,12.35,14.64,6.32,36,60,Other,32305,76.42,1.74,5.01,Medication,42769,Yes,64.54,3568,2.77,17326,52.36,Neurological,OK,High,High Risk,0,
Saudi Arabia,2001,Influenza,Respiratory,6.68,3.93,9.73,36,60,Other,802738,71.68,4.35,1.38,Vaccination,44612,Yes,96.69,2209,0.89,9898,78.04,Viral,OK,High,High Risk,0,
South Africa,2005,Rabies,Neurological,8.11,13.14,9.33,36,60,Female,525325,63.96,0.61,1.57,Surgery,32127,Yes,51.47,2488,0.65,98783,68.8,Viral,OK,High,High Risk,0,
Usa,2013,Ebola,Neurological,13.76,13.48,9.18,61,60,Female,919588,56.96,3.27,5.96,Vaccination,30471,No,78.52,4318,9.34,60015,53.76,Viral,OK,High,High Risk,0,
Turkey,2006,Ebola,Cardiovascular,9.16,3.2,8.38,36,60,Female,191854,73.53,4.83,8.98,Vaccination,29739,No,92.12,127,8.42,76532,80.95,Viral,OK,High,High Risk,0,
Indonesia,2001,Covid-19,Bacterial,6.8,4.31,2.88,36,60,Other,581445,92.98,4.55,3.23,Medication,23536,Yes,81.97,261,2.62,3910,38.9,Viral,OK,Medium,Low Risk,0,
Russia,2021,Diabetes,Chronic,15.84,11.62,2.26,61,60,Female,717792,82.71,3.15,0.52,Medication,13191,Yes,68.02,3343,3.23,94326,32.73,Metabolic,OK,Medium,Low Risk,0,
Turkey,2007,Malaria,Respiratory,9.25,4.64,8.21,61,60,Male,681172,70.11,2.03,9.43,Surgery,7704,Yes,70.26,2621,9.76,91764,23.08,Parasitic,OK,Low,High Risk,0,
Indonesia,2020,Hepatitis,Viral,2.17,10.63,6.56,19,35,Female,722928,72.7,4.62,0.63,Therapy,27784,No,52.03,2795,9.1,22328,41.75,Viral,OK,High,High Risk,0,
Usa,2012,Hepatitis,Genetic,15.17,1.9,4.76,61,60,Male,561804,56.94,4.06,1.12,Therapy,13299,Yes,84.15,2386,8.91,31268,44.68,Viral,OK,Medium,Low Risk,0,
Uk,2001,Dengue,Genetic,15.71,6,2.38,61,60,Other,5779,70.58,2.59,6.71,Surgery,14111,No,50.74,4597,5.46,38002,53.31,Viral,OK,Medium,Low Risk,0,
Turkey,2015,Leprosy,Bacterial,8.2,8.51,5.24,19,35,Other,752054,59.36,4.46,4.29,Therapy,2255,No,54.29,40,6.66,19720,44.02,Bacterial,OK,Low,High Risk,0,
Nigeria,2001,Polio,Parasitic,11.57,0.25,7.95,36,60,Other,468765,51.73,4.85,7.35,Therapy,5371,No,54.4,4203,7.97,84658,46.28,Viral,OK,Low,High Risk,0,
Japan,2009,Parkinson'S Disease,Viral,14.36,8.32,6.88,19,35,Male,468409,77.92,2,7.14,Surgery,30145,Yes,73.31,213,8.24,48993,21.84,Neurological,OK,High,High Risk,0,
India,2013,Leprosy,Viral,9.75,4.81,0.33,36,60,Female,366510,98.73,2.72,4.97,Surgery,33714,No,73.8,1034,5.63,76056,88.94,Bacterial,OK,High,Low Risk,0,
Nigeria,2011,Leprosy,Respiratory,14.47,3.13,5.56,36,60,Male,819433,68.66,0.79,5.86,Medication,41597,Yes,52.61,2275,7.52,13088,64.81,Bacterial,OK,High,High Risk,0,
Mexico,2007,Hepatitis,Metabolic,9.8,13.29,4.56,36,60,Male,893309,97.51,4.75,7.07,Surgery,25379,No,78.66,3673,6.64,74906,44.31,Viral,OK,High,Low Risk,0,
South Africa,2023,Diabetes,Viral,1.61,15,7.66,36,60,Other,353105,57.01,3.38,1.03,Medication,21433,No,74.88,3859,7.5,77985,56.89,Metabolic,OK,Medium,High Risk,0,
Argentina,2005,Polio,Parasitic,14.08,1.03,1.78,19,35,Female,864131,93.24,2.24,0.94,Therapy,41524,No,92.16,332,2.96,92640,34.37,Viral,OK,High,Low Risk,0,
Russia,2017,Asthma,Infectious,3.1,10.77,7.61,0,18,Male,220721,77.22,4.04,8.73,Therapy,34101,No,74.86,4772,8.39,77293,70.94,Respiratory,OK,High,High Risk,0,
Japan,2023,Dengue,Parasitic,7.28,2.75,8.98,61,60,Male,230036,72.44,4.13,5.54,Therapy,13749,Yes,67.76,3766,3.7,21787,50.5,Viral,OK,Medium,High Risk,0,
Nigeria,2015,Hypertension,Viral,16,7.58,9.45,36,60,Male,943177,69.97,1.18,1.99,Vaccination,12713,Yes,73.64,465,2.67,27661,34.88,Cardiovascular,OK,Medium,High Risk,0,
India,2013,Parkinson'S Disease,Cardiovascular,9.45,8.26,5.19,61,60,Other,37439,91.4,0.62,5.61,Vaccination,35565,Yes,91.47,374,3.71,3399,49.09,Neurological,OK,High,High Risk,0,
Australia,2016,Leprosy,Infectious,14.61,0.18,5.94,36,60,Other,280996,99.5,4.91,3.78,Therapy,46369,No,77.2,803,8.09,84027,72.99,Bacterial,OK,High,High Risk,0,
Australia,2000,Zika,Neurological,11.27,13.78,6.65,36,60,Female,428655,50.38,1.13,1.75,Vaccination,21342,Yes,72.4,4558,3.08,95615,39.12,Viral,OK,Medium,High Risk,0,
South Africa,2015,Hypertension,Metabolic,16.04,2.13,8.09,0,18,Male,592857,99.65,4.63,1.24,Surgery,19889,Yes,60.91,1137,1.25,95748,45.6,Cardiovascular,OK,Medium,High Risk,0,
Turkey,2024,Zika,Respiratory,1.5,6.06,8.26,19,35,Male,667292,91.86,4.26,4.6,Medication,35889,Yes,70.32,1491,5.48,5130,58.63,Viral,OK,High,High Risk,0,
China,2003,Hepatitis,Respiratory,12.98,0.73,3.13,36,60,Other,992012,65.93,0.81,2.69,Vaccination,4004,No,94.48,4938,5.42,65189,69.55,Viral,OK,Low,Low Risk,0,
Usa,2021,Rabies,Genetic,11,11.82,0.15,61,60,Male,197122,92.64,2.63,3.64,Surgery,47468,No,73.51,1779,2.35,69253,87.01,Viral,OK,High,Low Risk,0,
Indonesia,2000,Asthma,Infectious,13.59,5.16,2.49,61,60,Other,513904,79.33,4.62,3.26,Vaccination,44436,Yes,57.88,186,7.12,66195,75.63,Respiratory,OK,High,Low Risk,0,
South Africa,2005,Hiv/Aids,Autoimmune,9.01,0.13,7.03,19,35,Other,234348,96.07,4.81,1.31,Surgery,39181,No,77.7,502,3.98,53679,64.91,Viral,OK,High,High Risk,0,
Indonesia,2006,Asthma,Respiratory,17.97,5.88,4.49,0,18,Other,485228,78.5,1.6,2.74,Vaccination,30519,Yes,52.14,4217,6.2,57466,33.55,Respiratory,OK,High,Low Risk,0,
Brazil,2000,Cancer,Bacterial,16.02,8.57,0.7,61,60,Other,945633,80.4,2.31,9.43,Medication,30880,No,89.9,4568,7.31,84361,44.34,Chronic,OK,High,Low Risk,0,
India,2008,Polio,Cardiovascular,7.17,3.84,5.03,19,35,Female,645018,86.03,2.51,3.21,Medication,19018,No,57.35,1601,4.26,59182,59.32,Viral,OK,Medium,High Risk,0,
Argentina,2015,Measles,Bacterial,17.71,13.34,9.05,19,35,Other,28171,76.71,2.75,7.2,Surgery,40836,Yes,77.78,2709,3.34,22529,81.03,Viral,OK,High,High Risk,0,
South Africa,2011,Influenza,Neurological,10.67,9.05,8.47,0,18,Other,940396,66.24,4.74,8.69,Medication,32057,No,53.7,1429,0.98,68458,36.84,Viral,OK,High,High Risk,0,
Canada,2005,Asthma,Genetic,16.66,1.81,5.61,36,60,Female,11985,86.41,1.05,6.01,Vaccination,9606,Yes,81.81,2222,8.11,76425,36.95,Respiratory,OK,Low,High Risk,0,
South Africa,2007,Ebola,Bacterial,17.18,8.98,4.01,36,60,Female,339150,91.19,4.42,5.61,Medication,47236,Yes,80.49,587,0.96,93831,89.01,Viral,OK,High,Low Risk,0,
South Africa,2008,Cholera,Cardiovascular,12,6.95,5.15,61,60,Female,309995,96.6,3.18,7.49,Vaccination,16624,No,73.91,1206,2.93,12737,49.73,Bacterial,OK,Medium,High Risk,0,
Japan,2014,Zika,Bacterial,14.12,3.45,6.5,36,60,Other,85481,53.04,4.09,7.5,Medication,31249,No,50.44,1462,4.09,82851,76.19,Viral,OK,High,High Risk,0,
China,2003,Cancer,Infectious,1.95,5.72,7.92,61,60,Male,187249,93.57,0.79,3.09,Therapy,16183,No,63.34,1960,9.87,76600,28.06,Chronic,OK,Medium,High Risk,0,
Nigeria,2017,Hepatitis,Infectious,2.82,10.91,5.04,19,35,Female,353839,79.83,2.93,6.16,Surgery,8192,Yes,54.62,188,4.8,34510,84.97,Viral,OK,Low,High Risk,0,
South Korea,2001,Malaria,Neurological,9.29,7.34,5.94,36,60,Male,32083,55.68,3.89,7.13,Medication,24926,Yes,59.15,3874,3.85,80327,62.23,Parasitic,OK,Medium,High Risk,0,
Japan,2023,Zika,Chronic,20,12.67,2.03,36,60,Other,729604,83.5,4.02,4.48,Surgery,18212,No,55.39,700,8.31,75702,71.54,Viral,OK,Medium,Low Risk,0,
South Korea,2012,Hiv/Aids,Cardiovascular,4.39,2.76,6.87,19,35,Other,88776,81.58,3.06,2.11,Medication,11590,Yes,82.13,212,4.62,76924,27.23,Viral,OK,Medium,High Risk,0,
Russia,2020,Cancer,Respiratory,10.72,3.24,4.78,0,18,Female,13136,83.91,2.39,8.69,Vaccination,10553,No,79.27,2335,7.3,70636,82.78,Chronic,OK,Medium,Low Risk,0,
Argentina,2014,Cholera,Viral,15.83,8.16,3.54,19,35,Female,953937,80.51,2.24,7.74,Surgery,35635,No,89.39,2196,0.23,83180,69.04,Bacterial,OK,High,Low Risk,0,
Argentina,2014,Rabies,Metabolic,7.6,5.99,6.76,19,35,Female,491998,97.68,3.21,7.82,Medication,14263,Yes,65.32,151,5.68,3742,74.4,Viral,OK,Medium,High Risk,0,
Usa,2001,Cancer,Chronic,9.49,13.12,6.79,19,35,Male,239331,93.58,2.22,9.89,Surgery,2267,Yes,89.68,3339,9.67,56126,73.81,Chronic,OK,Low,High Risk,0,
France,2015,Alzheimer'S Disease,Genetic,5.83,9.29,5.73,61,60,Male,97182,86.64,0.9,9.84,Medication,37492,Yes,62.35,3478,6.02,72731,79.26,Neurological,OK,High,High Risk,0,
Brazil,2022,Cholera,Metabolic,18.34,8.1,5.83,61,60,Male,664986,62.84,1.19,3.45,Medication,2095,Yes,90.99,2604,9.65,28065,56.16,Bacterial,OK,Low,High Risk,0,
Canada,2009,Cholera,Parasitic,0.74,1.45,7.24,19,35,Male,366915,92.27,3.03,9.32,Medication,21404,Yes,76.76,1537,6.29,91385,56.04,Bacterial,OK,Medium,High Risk,0,
Canada,2020,Parkinson'S Disease,Viral,9.79,13.35,3.31,0,18,Male,747433,73.93,1.89,7.88,Medication,6813,Yes,70.29,1734,2.66,9935,23.17,Neurological,OK,Low,Low Risk,0,
Saudi Arabia,2007,Rabies,Parasitic,8.3,0.42,5.3,61,60,Male,319739,93.69,4.48,1.66,Medication,13337,No,68.11,4144,8.27,94821,60.32,Viral,OK,Medium,High Risk,0,
Germany,2009,Tuberculosis,Bacterial,15.58,9.5,7.79,61,60,Female,179661,88.61,0.84,4.76,Surgery,16211,Yes,91.77,938,4.25,57306,50.85, Bacterial,OK,Medium,High Risk,0,
Indonesia,2009,Polio,Cardiovascular,1.97,7.21,3.17,36,60,Male,639875,56.64,4.37,6.64,Vaccination,41565,Yes,65.2,2534,6.6,44547,68.88,Viral,OK,High,Low Risk,0,
Saudi Arabia,2014,Hiv/Aids,Bacterial,18.1,2.43,4.38,0,18,Female,530879,53.9,2.74,4.32,Medication,47210,No,85.16,3953,2.36,66810,69.21,Viral,OK,High,Low Risk,0,
Japan,2024,Dengue,Chronic,17.56,5.61,5.41,36,60,Female,422664,93.3,4.88,9.36,Surgery,14286,No,84.25,1229,4.22,75524,60.05,Viral,OK,Medium,High Risk,0,
Russia,2010,Covid-19,Viral,6.56,11.71,1.46,19,35,Female,442535,65.6,4.88,5.82,Vaccination,8289,Yes,50.49,3201,3.06,31122,51.65,Viral,OK,Low,Low Risk,0,
Argentina,2019,Alzheimer'S Disease,Autoimmune,6.52,11.29,3.37,61,60,Female,953759,85.83,3.59,4.85,Medication,25449,No,68.4,1151,8.7,53738,77.2,Neurological,OK,High,Low Risk,0,
Canada,2010,Polio,Metabolic,11.62,3.71,1.6,0,18,Female,321880,79.77,4.14,9.83,Therapy,10901,Yes,92.74,3651,9.32,35738,29.9,Viral,OK,Medium,Low Risk,0,
Argentina,2003,Alzheimer'S Disease,Autoimmune,15.87,0.67,6.15,0,18,Female,982199,51.85,1.3,2.77,Therapy,24787,No,75.19,3904,1.79,20368,87.69,Neurological,OK,Medium,High Risk,0,
Argentina,2018,Parkinson'S Disease,Viral,5.44,9.7,7.96,61,60,Other,744625,55.36,4.66,3.68,Therapy,48209,Yes,53,2539,0.46,7952,28.02,Neurological,OK,High,High Risk,0,
Japan,2003,Ebola,Chronic,11.2,2.05,3.67,19,35,Other,315332,78.33,1.31,2.87,Therapy,7542,No,71.5,3228,2.29,51953,27.31,Viral,OK,Low,Low Risk,0,
Nigeria,2023,Measles,Respiratory,4.48,4.96,8.83,19,35,Female,221895,96.19,2.34,9.97,Surgery,47160,Yes,79.48,2969,9.69,6193,20.6,Viral,OK,High,High Risk,0,
Nigeria,2007,Alzheimer'S Disease,Respiratory,12.32,10.32,8.3,61,60,Other,571398,98.06,2.65,1.67,Therapy,26847,No,75.76,4221,4.6,52339,31.22,Neurological,OK,High,High Risk,0,
Australia,2006,Rabies,Autoimmune,19.47,3.59,7.33,36,60,Other,293799,85.39,4.86,7.61,Therapy,40544,Yes,89.5,2736,7.44,44190,30.03,Viral,OK,High,High Risk,0,
Usa,2002,Rabies,Respiratory,3.34,6.99,0.93,0,18,Other,126019,84.8,4.04,3.74,Surgery,44861,No,62.39,4361,6.87,4155,60.69,Viral,OK,High,Low Risk,0,
Argentina,2024,Dengue,Bacterial,9.74,11.01,8.24,61,60,Other,988472,96.78,3.97,9.46,Surgery,4074,No,73.57,740,8.31,78991,45.47,Viral,OK,Low,High Risk,0,
Argentina,2010,Ebola,Genetic,12.8,4.04,6.93,19,35,Female,784061,58.15,1.33,0.55,Vaccination,15643,No,54.26,4077,6.15,25263,20.39,Viral,OK,Medium,High Risk,0,
Brazil,2007,Zika,Autoimmune,19.92,10.34,5.39,36,60,Male,302924,96.32,2.59,8.44,Therapy,1161,No,68.16,542,1.7,54797,58.33,Viral,OK,Low,High Risk,0,
Mexico,2020,Hiv/Aids,Bacterial,11.18,3.72,7.57,36,60,Female,963932,61.45,4.28,3.82,Surgery,38340,No,77.47,1897,2.83,51115,33.87,Viral,OK,High,High Risk,0,
Indonesia,2012,Hiv/Aids,Infectious,1.57,7.5,5.09,61,60,Other,544349,74.04,3.45,7.03,Medication,12250,Yes,87.07,545,7.37,79615,69.74,Viral,OK,Medium,High Risk,0,
France,2016,Dengue,Parasitic,5.84,5.43,5.4,61,60,Other,159524,68.16,2.42,0.55,Surgery,48376,No,89.05,4676,5.12,46838,35.99,Viral,OK,High,High Risk,0,
Australia,2012,Parkinson'S Disease,Autoimmune,2.44,8.61,6.94,61,60,Other,996563,75.55,2.6,2.24,Medication,49176,No,51.61,2137,4.1,20696,74.2,Neurological,OK,High,High Risk,0,
Usa,2018,Malaria,Parasitic,16.09,3.24,8.94,0,18,Other,479017,61.42,2.21,8.96,Surgery,13947,Yes,69.35,673,9.57,15297,69.76,Parasitic,OK,Medium,High Risk,0,
Russia,2005,Influenza,Autoimmune,9.75,2.56,8.47,61,60,Other,179326,90.35,3.5,1.84,Vaccination,39432,No,74.89,4430,0.65,94864,60.65,Viral,OK,High,High Risk,0,
Brazil,2001,Asthma,Respiratory,19.27,3.55,6.11,0,18,Female,40731,84.94,0.98,8.05,Vaccination,9310,Yes,59.82,3722,8.16,8427,52.36,Respiratory,OK,Low,High Risk,0,
South Korea,2012,Asthma,Neurological,2.28,14.11,9.42,0,18,Other,190659,80.87,4.57,8.94,Surgery,174,No,86.7,660,4.26,17740,41.44,Respiratory,OK,Low,High Risk,0,
Indonesia,2021,Ebola,Respiratory,9.06,8.01,4.86,0,18,Male,63486,72.5,3.24,1.94,Medication,27354,Yes,73.07,3062,0.36,89364,34.74,Viral,OK,High,Low Risk,0,
Mexico,2000,Parkinson'S Disease,Bacterial,17.54,12.47,1.86,36,60,Female,181924,84.63,1.54,5.91,Vaccination,48629,No,72.11,2413,1.05,49828,47.81,Neurological,OK,High,Low Risk,0,
Turkey,2020,Parkinson'S Disease,Infectious,0.36,4.36,5.99,61,60,Male,450804,60.51,2.37,3.4,Medication,42032,No,91.51,4691,4.91,34790,28.89,Neurological,OK,High,High Risk,0,
Canada,2007,Influenza,Parasitic,6.58,10.54,3.32,19,35,Female,342411,99.92,2.46,6.2,Surgery,33386,No,77.77,1720,1.47,93775,77.78,Viral,OK,High,Low Risk,0,
South Korea,2013,Alzheimer'S Disease,Autoimmune,3.17,5.45,3.4,19,35,Male,650381,85.68,1.63,7.38,Surgery,45935,Yes,65.89,177,5.46,26490,54.62,Neurological,OK,High,Low Risk,0,
South Africa,2021,Cholera,Viral,17.83,9.44,9.88,19,35,Other,729380,66.77,3.19,1.22,Therapy,18138,No,53.29,4680,6.29,12438,29.54,Bacterial,OK,Medium,High Risk,0,
Indonesia,2009,Covid-19,Neurological,3.43,9.75,2.43,36,60,Other,817987,85.47,4.57,3.22,Medication,44585,Yes,78.87,4366,9.54,35376,57.38,Viral,OK,High,Low Risk,0,
Nigeria,2001,Leprosy,Bacterial,18.31,12.3,3.46,19,35,Other,544665,77.6,1.1,4.9,Surgery,29544,No,70.12,2838,0.17,16621,31.07,Bacterial,OK,High,Low Risk,0,
Japan,2013,Hiv/Aids,Neurological,7.54,14.43,7.38,61,60,Male,337401,56.1,3.67,2.75,Surgery,38848,No,82.24,969,8.11,68043,61.48,Viral,OK,High,High Risk,0,
South Africa,2011,Ebola,Viral,19.18,3.64,1.56,36,60,Male,391922,67.56,1.92,1.54,Medication,39358,Yes,91.47,4035,1.32,45450,31.12,Viral,OK,High,Low Risk,0,
Italy,2006,Asthma,Respiratory,9.07,14.94,9.21,0,18,Other,970996,74.99,5,3.63,Vaccination,34270,Yes,80.29,884,2.2,45929,83.04,Respiratory,OK,High,High Risk,0,
Uk,2012,Covid-19,Neurological,16.77,10.88,4.84,61,60,Other,593509,73.08,2.08,3.08,Vaccination,19883,Yes,55.49,1233,1.69,78243,40.21,Viral,OK,Medium,Low Risk,0,
Australia,2014,Alzheimer'S Disease,Chronic,10.62,1.15,8.05,0,18,Other,910772,76.15,2.53,7.09,Vaccination,11657,No,73.4,2470,6.91,48201,65.05,Neurological,OK,Medium,High Risk,0,
South Korea,2002,Polio,Bacterial,6.15,2.96,5.12,19,35,Female,322449,97.88,1.87,3.54,Therapy,6719,No,60.08,1098,6.25,78212,32.18,Viral,OK,Low,High Risk,0,
Mexico,2009,Parkinson'S Disease,Metabolic,13.37,3.06,9.09,0,18,Male,277697,98.86,2.88,1.44,Therapy,13169,No,79.28,1236,1.8,32484,80.87,Neurological,OK,Medium,High Risk,0,
India,2020,Parkinson'S Disease,Metabolic,17.87,8.07,1.21,36,60,Female,732806,63.4,1.7,3.26,Medication,7682,No,90.27,1719,8.49,787,30.66,Neurological,OK,Low,Low Risk,0,
Australia,2024,Leprosy,Chronic,11.96,6.84,7.29,0,18,Female,419800,98.45,0.61,4.6,Vaccination,1545,Yes,95.06,3437,1.76,96857,73.93,Bacterial,OK,Low,High Risk,0,
China,2020,Dengue,Infectious,19.84,1.97,4.41,36,60,Male,502600,62.81,0.96,5.07,Surgery,9317,Yes,52.22,3461,7.69,70091,66.31,Viral,OK,Low,Low Risk,0,
Usa,2000,Leprosy,Cardiovascular,10.87,4.28,6.94,19,35,Male,359015,76.64,1.11,5.78,Therapy,34599,Yes,98,4437,7.1,13845,36.63,Bacterial,OK,High,High Risk,0,
Turkey,2005,Alzheimer'S Disease,Viral,6.84,7.82,6.21,61,60,Female,645255,66.59,4.04,7.24,Vaccination,12271,No,58.61,3177,0.8,35321,31.63,Neurological,OK,Medium,High Risk,0,
South Korea,2012,Covid-19,Parasitic,4.14,1.04,6.78,0,18,Other,935249,72.79,0.66,6.25,Vaccination,2035,Yes,67.82,2796,5.9,31222,78.35,Viral,OK,Low,High Risk,0,
France,2005,Hepatitis,Autoimmune,16.66,8.44,2.13,61,60,Male,14496,83.09,2.19,3.36,Therapy,31715,Yes,81.13,1599,3.76,68543,71.35,Viral,OK,High,Low Risk,0,
Usa,2000,Diabetes,Neurological,9.89,3.4,3.37,0,18,Male,388394,98.27,3.62,1.2,Vaccination,3212,Yes,76.79,4774,0.77,89940,47.74,Metabolic,OK,Low,Low Risk,0,
France,2008,Parkinson'S Disease,Genetic,12.61,0.71,2.96,61,60,Male,21250,59.71,1.93,5.98,Medication,408,No,63.35,253,0.73,7230,24.67,Neurological,OK,Low,Low Risk,0,
Saudi Arabia,2002,Malaria,Chronic,17.81,3.25,9.3,0,18,Other,391961,78.9,2.61,2.53,Medication,13272,Yes,91.95,2353,9.2,61765,22.33,Parasitic,OK,Medium,High Risk,0,
France,2018,Tuberculosis,Metabolic,7.68,12.46,9.23,36,60,Other,191278,76.39,1.8,3.71,Surgery,35752,Yes,92.18,323,8.34,57149,48.44, Bacterial,OK,High,High Risk,0,
Usa,2000,Dengue,Respiratory,18.62,14.76,9.68,19,35,Other,455714,89.51,4.89,4.72,Vaccination,17985,No,71.67,3308,0.35,12905,34.14,Viral,OK,Medium,High Risk,0,
Argentina,2006,Cholera,Neurological,0.65,0.39,7.97,19,35,Male,159230,93.82,2.1,4.38,Vaccination,27412,No,79.15,2265,7.65,60983,60.23,Bacterial,OK,High,High Risk,0,
Russia,2020,Alzheimer'S Disease,Cardiovascular,12.45,9.64,1.25,19,35,Male,144739,52.81,2.4,7.46,Vaccination,35773,Yes,54.82,2379,9.66,75798,20.27,Neurological,OK,High,Low Risk,0,
Argentina,2006,Dengue,Parasitic,18.59,2.7,7,36,60,Female,539904,91.71,1.61,4.06,Medication,10407,No,67.81,570,0.57,91108,32.31,Viral,OK,Medium,High Risk,0,
India,2001,Influenza,Bacterial,2.3,13.36,8.87,0,18,Other,739652,94.53,1.75,7.59,Vaccination,42318,No,60.1,4011,5.66,90170,30.04,Viral,OK,High,High Risk,0,
Turkey,2024,Rabies,Chronic,10.69,1.02,1.36,0,18,Male,435225,55.7,1.48,2.89,Medication,3390,Yes,71.52,3653,9.28,10060,63.13,Viral,OK,Low,Low Risk,0,
Indonesia,2018,Zika,Infectious,7.39,8.8,4.27,36,60,Female,694439,96.35,0.6,1.63,Medication,25184,No,83.26,1826,9.99,59685,28.92,Viral,OK,High,Low Risk,0,
South Africa,2012,Measles,Chronic,9.6,8.92,1.25,61,60,Other,844728,87.7,3.97,4.98,Therapy,12256,Yes,73.99,949,6.1,87810,74.91,Viral,OK,Medium,Low Risk,0,
Mexico,2024,Dengue,Bacterial,2.65,12.16,9.89,0,18,Other,862642,60.03,1.03,1.79,Therapy,39258,No,55.02,934,3.38,24688,74.54,Viral,OK,High,High Risk,0,
Russia,2023,Polio,Autoimmune,11.15,10.1,5.82,61,60,Male,143680,77.42,4.4,2.47,Vaccination,21526,Yes,54.48,4999,2.23,88927,48.28,Viral,OK,Medium,High Risk,0,
Australia,2005,Diabetes,Genetic,13.82,4.68,0.65,0,18,Other,508290,77.36,4.16,3.05,Surgery,17159,No,67.28,2370,8.6,17194,41.49,Metabolic,OK,Medium,Low Risk,0,
Germany,2020,Cholera,Cardiovascular,11.8,8.79,7.67,61,60,Other,134438,80.56,2.45,7.6,Medication,22795,Yes,97.08,759,9.41,45540,89.56,Bacterial,OK,Medium,High Risk,0,
Saudi Arabia,2014,Hepatitis,Respiratory,5.92,13.43,3.19,36,60,Female,239172,75.39,2.58,7.43,Vaccination,43808,No,89.44,2522,4.38,23409,70.32,Viral,OK,High,Low Risk,0,
Turkey,2014,Alzheimer'S Disease,Infectious,6.17,8.73,7.74,61,60,Female,137583,96.55,2.1,3.56,Therapy,5475,No,92.93,1193,9.8,59629,74.79,Neurological,OK,Low,High Risk,0,
Saudi Arabia,2022,Asthma,Chronic,17,3.19,7.51,36,60,Female,414508,53.17,4.8,3.64,Medication,49785,No,88.64,238,3.54,80861,84.93,Respiratory,OK,High,High Risk,0,
Italy,2004,Diabetes,Viral,3.96,11.16,3.94,19,35,Female,953056,62.92,0.65,2.02,Medication,9466,No,91.09,214,9.18,35470,28.52,Metabolic,OK,Low,Low Risk,0,
Nigeria,2016,Zika,Parasitic,2.62,5.91,8.43,19,35,Female,316498,63.97,3.95,1.44,Vaccination,33807,No,55.24,3791,8.7,41519,79.91,Viral,OK,High,High Risk,0,
France,2012,Diabetes,Bacterial,19.45,4.14,9.59,19,35,Male,96744,52.1,2.48,8.85,Therapy,43807,No,51.08,4280,2,19854,68.43,Metabolic,OK,High,High Risk,0,
Canada,2018,Alzheimer'S Disease,Genetic,1.17,9.48,7.37,19,35,Female,494671,91.6,1.61,4.27,Surgery,24926,No,74.91,4930,8.72,82686,44.04,Neurological,OK,Medium,High Risk,0,
Uk,2012,Covid-19,Metabolic,14.86,12.26,1.97,0,18,Female,564907,51.14,1.68,8.36,Therapy,44457,No,88.97,34,6.73,63294,70.08,Viral,OK,High,Low Risk,0,
South Africa,2001,Cholera,Genetic,8.7,1.43,4.97,0,18,Female,615989,62.47,2.22,8.14,Medication,48831,No,70.54,1823,6.77,96262,48.47,Bacterial,OK,High,Low Risk,0,
South Africa,2021,Leprosy,Infectious,18.71,7.93,1.33,19,35,Female,405161,52.04,3.05,9.31,Medication,1495,Yes,54.98,1975,7.25,24699,49.08,Bacterial,OK,Low,Low Risk,0,
Brazil,2013,Influenza,Cardiovascular,18.71,2.54,8.24,0,18,Female,849560,97.92,3.93,3.34,Therapy,32606,No,72.07,427,9.51,32598,37.57,Viral,OK,High,High Risk,0,
Usa,2011,Covid-19,Bacterial,7.69,13.46,6.4,36,60,Female,128263,96.21,4.7,3.85,Surgery,4235,No,55.64,443,4.09,32467,20.82,Viral,OK,Low,High Risk,0,
India,2007,Ebola,Neurological,10.23,13.47,8.31,36,60,Female,563508,83.29,4.3,6.95,Vaccination,49492,No,80.71,2420,5.51,58518,34.33,Viral,OK,High,High Risk,0,
Nigeria,2003,Rabies,Autoimmune,8.29,3.8,0.54,61,60,Male,497274,94.47,4.03,5.93,Medication,16954,Yes,71.34,2244,9.58,35770,65.56,Viral,OK,Medium,Low Risk,0,
India,2015,Measles,Bacterial,17.71,6.25,1.24,19,35,Male,448787,97.78,3.95,9.29,Surgery,24320,No,54.51,3035,6.22,61471,81.87,Viral,OK,Medium,Low Risk,0,
Japan,2004,Dengue,Parasitic,6.42,2.05,8.02,0,18,Other,924757,81.53,3.05,2.12,Vaccination,43355,No,68.25,4030,7.6,30042,60.35,Viral,OK,High,High Risk,0,
Russia,2010,Hypertension,Parasitic,4.77,3.8,3.21,0,18,Male,105706,80.95,4.26,6.81,Vaccination,25651,Yes,84.66,988,7,95942,57.52,Cardiovascular,OK,High,Low Risk,0,
Nigeria,2003,Cholera,Bacterial,18.08,10.63,3.53,0,18,Male,214682,59.3,2.47,5.1,Vaccination,14080,No,69.67,1113,2.19,16121,80.1,Bacterial,OK,Medium,Low Risk,0,
China,2002,Ebola,Chronic,16.78,2.55,4.46,36,60,Other,217556,80.73,2.84,6.11,Medication,14058,Yes,97.8,3273,7.12,51571,27.36,Viral,OK,Medium,Low Risk,0,
Nigeria,2009,Dengue,Genetic,15.78,9.42,5.85,0,18,Male,577439,95.61,0.98,4.13,Medication,25752,No,86.72,861,4.84,18353,59.42,Viral,OK,High,High Risk,0,
Australia,2021,Ebola,Parasitic,12.98,7.51,6.19,0,18,Female,353237,56.04,3,2.97,Therapy,26851,Yes,53,3171,0.38,49023,64.16,Viral,OK,High,High Risk,0,
France,2013,Covid-19,Respiratory,12,13.39,0.9,61,60,Female,975815,78,2.25,1.96,Vaccination,19458,Yes,50.23,1162,3.25,78867,80.37,Viral,OK,Medium,Low Risk,0,
Russia,2010,Zika,Neurological,1.52,9.91,2.04,19,35,Other,19849,73.78,2.92,0.69,Vaccination,21865,No,87.23,1157,3.84,41843,74.6,Viral,OK,Medium,Low Risk,0,
Brazil,2003,Diabetes,Bacterial,16.63,0.89,5.41,36,60,Male,725115,63.61,1.67,3.36,Vaccination,19941,No,68.2,3956,1.85,33890,39.02,Metabolic,OK,Medium,High Risk,0,
Mexico,2019,Measles,Parasitic,19.8,14.53,8.34,61,60,Male,722200,79,3.89,2.88,Medication,36147,No,60.89,1080,9.28,81144,58.78,Viral,OK,High,High Risk,0,
Japan,2016,Covid-19,Neurological,18.76,6.05,4.18,61,60,Other,535015,67.33,0.77,6.42,Vaccination,49858,No,62.36,1782,7.11,54456,80.1,Viral,OK,High,Low Risk,0,
Uk,2010,Malaria,Chronic,16.82,5.15,3.41,61,60,Male,815941,50.78,3.31,5.56,Vaccination,26332,Yes,86.01,3822,1.98,93670,40.64,Parasitic,OK,High,Low Risk,0,
Argentina,2005,Measles,Cardiovascular,10.91,14.63,1.1,0,18,Other,601744,91.48,2.84,5.76,Surgery,3892,No,96.62,1444,2.02,57605,88.03,Viral,OK,Low,Low Risk,0,
South Korea,2003,Covid-19,Infectious,13.98,10.09,2.89,61,60,Female,969849,99.17,1.14,8.28,Vaccination,25533,No,70.31,3991,9.38,88894,60.09,Viral,OK,High,Low Risk,0,
Usa,2019,Tuberculosis,Infectious,14.96,4.47,5.87,19,35,Other,281841,72.12,1.21,1.42,Vaccination,28070,No,97.08,2575,9.97,45690,43.1, Bacterial,OK,High,High Risk,0,
India,2017,Dengue,Respiratory,7.49,13.71,9.88,36,60,Female,81420,58.84,1.33,3.74,Medication,31753,No,92.39,4853,1.85,27290,67.09,Viral,OK,High,High Risk,0,
Nigeria,2017,Parkinson'S Disease,Parasitic,13.15,5.3,3.27,36,60,Male,900653,87.14,2.22,0.99,Vaccination,2699,Yes,58.09,3405,1.54,66179,33.24,Neurological,OK,Low,Low Risk,0,
Canada,2009,Ebola,Neurological,8.26,10.45,4.04,61,60,Female,175401,67.31,4.5,6.82,Vaccination,47282,No,90.02,3133,3.88,39639,72.18,Viral,OK,High,Low Risk,0,
India,2007,Hiv/Aids,Neurological,17.96,0.76,5.29,36,60,Female,65153,55.52,4.34,2.49,Vaccination,4805,No,84.63,4781,2.94,68762,41.25,Viral,OK,Low,High Risk,0,
Saudi Arabia,2011,Diabetes,Viral,13.11,11.03,3.07,19,35,Male,725884,82.61,1.96,2.49,Therapy,37018,No,64.17,2722,9.25,53206,78.38,Metabolic,OK,High,Low Risk,0,
China,2016,Parkinson'S Disease,Respiratory,6.49,3.63,6.47,19,35,Male,769966,92.11,4.31,2.72,Vaccination,49009,No,75.09,1663,4.9,26170,70.92,Neurological,OK,High,High Risk,0,
Nigeria,2009,Polio,Metabolic,8.33,3.49,9.97,36,60,Other,70299,60.78,4.79,1.79,Therapy,21619,Yes,75.76,2261,8.91,52046,76.07,Viral,OK,Medium,High Risk,0,
Brazil,2011,Rabies,Genetic,13.68,3.06,7.39,36,60,Male,125939,54.03,1.57,4.33,Therapy,42559,No,52.39,2914,5.31,5974,37.78,Viral,OK,High,High Risk,0,
India,2021,Dengue,Autoimmune,12.9,0.6,3.25,36,60,Female,136889,65.91,3.49,9.18,Surgery,8218,Yes,92.03,3596,1.05,26391,28.2,Viral,OK,Low,Low Risk,0,
Australia,2003,Malaria,Infectious,17.14,9.26,1.97,36,60,Male,37396,67.83,2.12,7.91,Medication,33672,No,93.23,4691,7.68,60353,30.73,Parasitic,OK,High,Low Risk,0,
South Africa,2023,Rabies,Respiratory,18.62,1.1,9.29,19,35,Male,769808,65.25,3.1,9.95,Therapy,16411,Yes,77.12,4109,4.92,88198,46.83,Viral,OK,Medium,High Risk,0,
Australia,2020,Hiv/Aids,Autoimmune,19.23,8.08,4.5,61,60,Other,264518,78.38,1.43,6.36,Therapy,40384,Yes,71.02,1009,1.64,7528,43.89,Viral,OK,High,Low Risk,0,
Germany,2001,Tuberculosis,Infectious,18.26,4.37,9.69,36,60,Male,229805,73.39,2.71,9.11,Vaccination,48465,No,74.75,326,2.47,73241,33.25, Bacterial,OK,High,High Risk,0,
South Korea,2005,Asthma,Autoimmune,2.41,5.74,5.58,61,60,Female,713552,94.3,4.89,9.91,Therapy,5708,No,65.05,3357,6.5,14607,52.49,Respiratory,OK,Low,High Risk,0,
Germany,2003,Hepatitis,Viral,1.57,5.68,6.89,0,18,Female,728797,81.03,2.39,2.26,Surgery,38558,No,77.09,525,6.74,48103,59.52,Viral,OK,High,High Risk,0,
Russia,2011,Parkinson'S Disease,Autoimmune,16.68,6.88,2.22,0,18,Male,815348,50.8,3.75,5,Medication,35945,Yes,85.38,2948,7,2064,33.85,Neurological,OK,High,Low Risk,0,
Mexico,2020,Dengue,Neurological,10.12,14.95,5.99,61,60,Female,130680,90.22,3.87,9.21,Therapy,18741,Yes,86.78,2525,0.04,88559,62.69,Viral,OK,Medium,High Risk,0,
Australia,2000,Rabies,Parasitic,14.84,2.45,5.33,0,18,Female,52043,50.78,4.96,3.69,Surgery,49160,Yes,74.28,273,9.66,4363,65.52,Viral,OK,High,High Risk,0,
Russia,2000,Ebola,Respiratory,12.34,6.68,7.49,36,60,Other,223321,97.55,4.05,4.01,Medication,2511,Yes,65.27,2293,9.53,25868,26,Viral,OK,Low,High Risk,0,
Nigeria,2002,Diabetes,Viral,6.24,7.2,3.77,61,60,Male,368655,70.82,2.38,8.95,Therapy,28937,No,83.44,72,1.55,4699,54.78,Metabolic,OK,High,Low Risk,0,
Italy,2009,Alzheimer'S Disease,Genetic,1.62,5.38,2.93,61,60,Male,486113,83.59,2.53,2.14,Medication,30614,No,61.23,4288,7.18,14306,78.76,Neurological,OK,High,Low Risk,0,
China,2020,Alzheimer'S Disease,Parasitic,11.99,7.96,1.58,61,60,Male,704130,57.28,1.34,1.64,Vaccination,3054,Yes,90.93,3939,6.32,30155,73.82,Neurological,OK,Low,Low Risk,0,
Russia,2014,Diabetes,Viral,14.08,7.55,1.25,0,18,Female,925106,66.25,1.56,10,Medication,46099,Yes,89.71,1316,9.69,98193,35.03,Metabolic,OK,High,Low Risk,0,
Australia,2009,Parkinson'S Disease,Genetic,12.86,11.08,2.08,19,35,Other,538726,98.74,1.92,2.84,Therapy,32714,Yes,52.79,1788,9.95,85051,66.16,Neurological,OK,High,Low Risk,0,
Germany,2000,Ebola,Viral,13.82,5.53,8.32,61,60,Female,497781,73.56,4.2,8.96,Therapy,24555,Yes,60.77,2482,9.83,42220,70.51,Viral,OK,Medium,High Risk,0,
Brazil,2023,Cholera,Bacterial,14.6,1.09,6.96,61,60,Male,480216,72.03,1.88,3.7,Therapy,41097,Yes,94.51,2789,5.12,69601,67.85,Bacterial,OK,High,High Risk,0,
Uk,2006,Tuberculosis,Infectious,1.66,6.07,7.36,0,18,Other,724272,55.42,1.28,8.15,Vaccination,19555,Yes,96.79,3626,2.4,29192,85.11, Bacterial,OK,Medium,High Risk,0,
Canada,2017,Dengue,Bacterial,9.24,1.61,9.52,19,35,Female,719938,98.73,1.55,8.95,Surgery,4433,Yes,51.44,1825,2.28,59991,63.84,Viral,OK,Low,High Risk,0,
Germany,2000,Zika,Parasitic,7.32,3.61,8.21,19,35,Female,900264,69,4.69,7.42,Surgery,23988,Yes,57.17,391,0.92,81602,83.51,Viral,OK,Medium,High Risk,0,
Turkey,2007,Dengue,Bacterial,5.09,4.7,2.73,36,60,Male,118790,97.21,2,9.15,Therapy,40496,No,86.1,2046,2.32,35964,58.35,Viral,OK,High,Low Risk,0,
Italy,2015,Tuberculosis,Genetic,0.26,12.69,0.57,0,18,Male,564911,94.96,0.56,4.18,Therapy,21766,Yes,70.55,3140,1.89,56660,24.87, Bacterial,OK,Medium,Low Risk,0,
China,2005,Influenza,Chronic,13.27,0.73,4.7,36,60,Male,931750,50.18,4.11,8.85,Vaccination,45022,Yes,54.33,1210,4.16,3574,52.81,Viral,OK,High,Low Risk,0,
Canada,2007,Alzheimer'S Disease,Chronic,12.86,13.61,2.19,36,60,Other,962770,59.43,2.95,9.93,Medication,41316,No,64.28,3168,3.86,59158,71.91,Neurological,OK,High,Low Risk,0,
South Korea,2006,Cancer,Cardiovascular,12.1,4.98,9.08,36,60,Male,969312,83.46,4.57,4.78,Vaccination,48218,No,74.62,1075,8.54,36936,44.51,Chronic,OK,High,High Risk,0,
Mexico,2001,Leprosy,Metabolic,19.18,9.53,6.5,19,35,Female,404100,85.07,3.78,8.32,Therapy,47294,No,94.04,3857,7.23,68312,21.14,Bacterial,OK,High,High Risk,0,
Brazil,2013,Diabetes,Infectious,10.59,11.58,0.7,61,60,Female,85401,79.04,2.48,2.03,Vaccination,17962,Yes,71.77,3715,9.1,75691,81.39,Metabolic,OK,Medium,Low Risk,0,
Usa,2020,Influenza,Autoimmune,18.27,11.01,3.3,19,35,Other,739968,86.94,4.81,4.73,Therapy,30409,No,95.14,4073,2.64,21491,79.27,Viral,OK,High,Low Risk,0,
Indonesia,2009,Diabetes,Metabolic,9.69,2.06,8.39,61,60,Female,52110,85.86,4.63,1.84,Vaccination,21623,No,62.56,1893,6.24,62897,73.72,Metabolic,OK,Medium,High Risk,0,
Russia,2010,Covid-19,Parasitic,4.52,11.35,8.01,36,60,Other,403710,69.26,4.44,3.42,Vaccination,33718,No,90.91,4976,7.12,90148,67.77,Viral,OK,High,High Risk,0,
France,2024,Parkinson'S Disease,Autoimmune,6.68,11.92,6.81,61,60,Female,42803,69.1,4.93,0.61,Medication,10962,Yes,88.87,1355,4.52,76482,26.75,Neurological,OK,Medium,High Risk,0,
Mexico,2002,Dengue,Respiratory,1.51,7.46,9.51,61,60,Male,246890,54.18,1.75,1.48,Medication,5585,Yes,95.11,308,0.06,30201,82.42,Viral,OK,Low,High Risk,0,
Russia,2006,Malaria,Cardiovascular,12.72,14.64,0.37,36,60,Male,952851,71.36,2.7,2.59,Vaccination,29008,No,72.12,2901,3.61,7020,44.02,Parasitic,OK,High,Low Risk,0,
Uk,2016,Tuberculosis,Respiratory,10.13,14.67,8.12,0,18,Female,394075,61.17,1.31,9.63,Medication,33856,No,78.79,877,1.06,24364,61.92, Bacterial,OK,High,High Risk,0,
Turkey,2023,Malaria,Infectious,0.75,8.75,1.6,61,60,Other,240932,86.48,2.01,4.94,Surgery,20928,Yes,84.66,1768,5.47,77451,39.02,Parasitic,OK,Medium,Low Risk,0,
Argentina,2004,Tuberculosis,Neurological,4.28,9.53,1.59,0,18,Other,121418,96.02,1.59,8.45,Medication,30844,No,59.54,517,5.37,96342,69.15, Bacterial,OK,High,Low Risk,0,
South Africa,2014,Diabetes,Metabolic,7.81,1.73,6.37,0,18,Other,183214,63.05,0.67,8.12,Medication,11335,No,60.13,2168,7.79,22704,72.06,Metabolic,OK,Medium,High Risk,0,
Italy,2010,Hypertension,Infectious,6.08,10,5.51,0,18,Female,443392,87.93,1.09,4.59,Therapy,8833,Yes,77.59,4780,0.19,26487,57.01,Cardiovascular,OK,Low,High Risk,0,
Japan,2016,Dengue,Bacterial,15.95,7.66,3.48,0,18,Female,538277,78.48,1.62,3.32,Therapy,32362,No,72.8,471,2.45,50187,79.26,Viral,OK,High,Low Risk,0,
India,2005,Tuberculosis,Respiratory,17.15,8.39,6.26,36,60,Female,600465,86.04,1.16,6.52,Therapy,38818,No,59.86,669,6.7,24727,27.77, Bacterial,OK,High,High Risk,0,
Saudi Arabia,2024,Zika,Viral,9.14,12.39,6.48,61,60,Other,661849,93.15,1.82,8.35,Therapy,14008,Yes,61.22,2736,2.06,56229,86.23,Viral,OK,Medium,High Risk,0,
Indonesia,2020,Parkinson'S Disease,Chronic,1.89,8.49,8.79,61,60,Other,576031,55.94,1.76,0.68,Therapy,28806,Yes,69.31,907,0.03,39313,78.01,Neurological,OK,High,High Risk,0,
South Korea,2014,Malaria,Cardiovascular,10.91,5.22,5.61,36,60,Female,715946,55.45,4.75,9.4,Medication,27907,No,93.5,3941,6.38,99686,78.26,Parasitic,OK,High,High Risk,0,
India,2008,Hiv/Aids,Neurological,7.48,6.9,2.94,36,60,Female,358234,79.18,1.14,3.13,Vaccination,11148,No,65.98,241,8.93,28417,23.06,Viral,OK,Medium,Low Risk,0,
Japan,2010,Leprosy,Infectious,1.64,0.95,0.4,36,60,Female,980888,93.52,1.7,1.14,Surgery,45678,No,76.71,248,3.88,6764,27.64,Bacterial,OK,High,Low Risk,0,
France,2000,Asthma,Genetic,19.62,5.45,5.12,36,60,Other,382629,83.01,2.6,2.66,Surgery,7132,No,56.67,3462,8.94,48107,75.34,Respiratory,OK,Low,High Risk,0,
Indonesia,2006,Leprosy,Autoimmune,17.76,14.21,9.32,36,60,Female,590011,81.47,2.61,1.76,Therapy,40517,Yes,73.98,1267,4.46,55029,63.81,Bacterial,OK,High,High Risk,0,
Usa,2001,Rabies,Cardiovascular,8.38,9.8,9.52,61,60,Male,502469,52.39,0.57,8.02,Vaccination,15459,No,96.01,676,8.91,23354,31.21,Viral,OK,Medium,High Risk,0,
Canada,2018,Cancer,Neurological,6.97,7.73,5.31,19,35,Male,945370,51.09,4.71,9.97,Vaccination,13992,No,55.72,2971,8.28,82231,65.76,Chronic,OK,Medium,High Risk,0,
Nigeria,2020,Malaria,Bacterial,18.91,13.31,1.37,61,60,Female,706579,83.69,1.52,7.57,Vaccination,40849,No,56.59,4604,0.13,35250,35.01,Parasitic,OK,High,Low Risk,0,
Brazil,2022,Hiv/Aids,Neurological,9.5,9.25,9.59,0,18,Male,549518,65.28,0.53,0.76,Vaccination,37728,No,91.23,151,4.54,76636,44.3,Viral,OK,High,High Risk,0,
Saudi Arabia,2004,Hiv/Aids,Autoimmune,13.15,13.4,9.59,0,18,Male,789087,57.59,1.56,9.65,Medication,31898,Yes,73.55,2562,0.46,60956,78.94,Viral,OK,High,High Risk,0,
Mexico,2014,Tuberculosis,Chronic,3.05,8.69,7.69,36,60,Other,756716,82.14,4.7,6.65,Vaccination,11589,No,83.89,3463,7.25,11621,82.37, Bacterial,OK,Medium,High Risk,0,
Indonesia,2014,Rabies,Autoimmune,12.14,7.48,3.18,19,35,Other,417779,72.08,1.64,4.78,Surgery,20518,No,93.44,142,6.55,41291,40.8,Viral,OK,Medium,Low Risk,0,
Mexico,2010,Hepatitis,Parasitic,9.1,7.81,7.94,36,60,Female,529628,85.9,2.9,6.57,Vaccination,49486,Yes,53.73,3273,6.83,89765,27.76,Viral,OK,High,High Risk,0,
Brazil,2012,Diabetes,Neurological,7.99,1.47,2.56,19,35,Male,718125,92.62,1.52,4.29,Therapy,28827,No,71.31,855,4.59,42561,29.15,Metabolic,OK,High,Low Risk,0,
Australia,2024,Tuberculosis,Genetic,2.79,12.16,4.59,19,35,Other,912197,77.89,4.42,3.13,Therapy,40161,No,64.98,4632,8.54,71176,88.31, Bacterial,OK,High,Low Risk,0,
Indonesia,2004,Diabetes,Parasitic,0.22,12.91,8.99,36,60,Female,478244,73.26,3.55,5.05,Therapy,28966,No,98.71,1014,5.99,8336,30.12,Metabolic,OK,High,High Risk,0,
Saudi Arabia,2003,Leprosy,Cardiovascular,13.87,2.13,3.46,61,60,Other,513358,53.37,4.71,4.55,Medication,17796,No,69.62,3270,0.52,19538,84.39,Bacterial,OK,Medium,Low Risk,0,
Japan,2008,Hiv/Aids,Metabolic,13.83,3.71,0.19,36,60,Other,647000,65.08,3.79,5.6,Vaccination,11474,No,70.41,3538,8.53,58137,25.36,Viral,OK,Medium,Low Risk,0,
China,2009,Cholera,Metabolic,7.34,5.68,1.46,61,60,Male,116382,64.65,3.64,8.67,Vaccination,47010,No,91.09,1668,9.75,53106,54.35,Bacterial,OK,High,Low Risk,0,
India,2012,Measles,Autoimmune,4.11,7.85,7.35,0,18,Female,198773,55.59,3.25,6.83,Therapy,9339,Yes,70.95,3183,8.13,31222,71.37,Viral,OK,Low,High Risk,0,
Saudi Arabia,2002,Measles,Cardiovascular,19.92,8.35,0.93,61,60,Female,757194,74.7,1.42,0.76,Surgery,24074,Yes,84,2234,1.37,57935,30.57,Viral,OK,Medium,Low Risk,0,
Australia,2007,Tuberculosis,Cardiovascular,9.49,14.78,5.21,36,60,Male,939621,50.35,4.26,3.24,Surgery,7811,No,63.5,789,7.96,43177,67.47, Bacterial,OK,Low,High Risk,0,
Australia,2014,Rabies,Viral,14.9,10.95,1.07,19,35,Male,779698,81.52,1.33,6.51,Surgery,16841,No,78.59,1531,8.67,91929,28.98,Viral,OK,Medium,Low Risk,0,
Brazil,2024,Influenza,Metabolic,12.7,14.71,3.26,61,60,Female,420890,87.03,4.53,3.21,Surgery,650,No,57.46,4406,0.15,93797,35.18,Viral,OK,Low,Low Risk,0,
South Korea,2012,Asthma,Viral,14.35,12.46,4.56,0,18,Other,565700,95.52,4.77,4.1,Medication,8994,No,86.09,4249,8.47,75191,77.87,Respiratory,OK,Low,Low Risk,0,
Saudi Arabia,2008,Cholera,Metabolic,15.1,10.56,6.05,0,18,Other,608299,77.09,4.2,2.1,Surgery,47051,Yes,55.4,1147,2.07,17713,33.27,Bacterial,OK,High,High Risk,0,
France,2015,Malaria,Parasitic,15.58,8.6,4.73,36,60,Male,143961,59.26,1.21,1.64,Medication,38794,Yes,58.12,3441,5.7,28531,67.78,Parasitic,OK,High,Low Risk,0,
Uk,2009,Leprosy,Infectious,13.78,5.5,6.38,0,18,Female,391975,92.09,1.37,2.63,Therapy,42108,No,65.89,3458,3.01,24923,68.36,Bacterial,OK,High,High Risk,0,
South Africa,2001,Tuberculosis,Chronic,12.66,2.94,7.5,61,60,Other,621761,71.52,3.99,0.96,Vaccination,5620,No,84.7,155,2.26,34402,75.49, Bacterial,OK,Low,High Risk,0,
Japan,2005,Cancer,Respiratory,2.32,14.54,7.25,19,35,Male,533056,57.83,2.27,1.75,Therapy,5069,No,87.52,1982,5.89,11763,83.67,Chronic,OK,Low,High Risk,0,
Indonesia,2005,Hepatitis,Autoimmune,19.53,5.57,2.2,0,18,Female,16667,99.76,4.78,9.55,Surgery,36443,No,60.7,2678,8.86,75756,67.27,Viral,OK,High,Low Risk,0,
Italy,2023,Leprosy,Autoimmune,5.55,2.34,0.45,61,60,Other,839435,89.46,1.71,1.24,Medication,16599,Yes,79.83,730,1.81,95231,85.87,Bacterial,OK,Medium,Low Risk,0,
France,2020,Dengue,Viral,16.02,1.29,5.72,61,60,Male,593749,92.79,0.62,2.06,Therapy,7442,Yes,78.32,497,1.92,78839,72.75,Viral,OK,Low,High Risk,0,
France,2020,Rabies,Autoimmune,16.01,3.82,8.82,0,18,Female,514095,54.77,3.58,9.37,Medication,44988,Yes,78.24,277,5.5,67938,37.47,Viral,OK,High,High Risk,0,
Mexico,2018,Leprosy,Chronic,12.29,4.67,2.55,36,60,Male,701609,75.84,4.2,4.05,Vaccination,18369,Yes,65.46,4122,9.27,80318,24.77,Bacterial,OK,Medium,Low Risk,0,
India,2005,Dengue,Cardiovascular,12.72,5.54,8.98,0,18,Male,841252,59.12,4.94,7.18,Therapy,8696,Yes,52.18,2122,4.74,99781,83.83,Viral,OK,Low,High Risk,0,
Italy,2018,Cholera,Infectious,14.31,0.94,3.7,61,60,Female,500654,52.07,1.91,7.48,Therapy,23470,No,53.11,2838,5.31,91696,67.35,Bacterial,OK,Medium,Low Risk,0,
Indonesia,2005,Cancer,Autoimmune,3.55,7.62,5.48,19,35,Female,109920,57.34,0.92,5.65,Surgery,18522,No,85.24,1861,6.48,10085,69.54,Chronic,OK,Medium,High Risk,0,
South Africa,2007,Cancer,Neurological,9.31,7.1,5.38,61,60,Male,51730,73.36,4.47,8.09,Medication,23158,No,74.71,3732,9.04,93907,30.93,Chronic,OK,Medium,High Risk,0,
South Korea,2014,Cholera,Autoimmune,1.76,11.18,0.7,61,60,Female,412095,69.11,3.19,9.52,Vaccination,5012,Yes,68.24,1613,2.25,54667,74.3,Bacterial,OK,Low,Low Risk,0,
Russia,2019,Rabies,Infectious,18.97,11.72,5.99,61,60,Female,202691,60.68,0.59,8.23,Vaccination,47582,No,72.84,3364,4.73,50143,35.22,Viral,OK,High,High Risk,0,
Usa,2002,Measles,Infectious,12.64,7.27,2.3,19,35,Male,985408,82.77,4.57,6.59,Vaccination,18334,Yes,88.13,3842,8.55,5638,68.38,Viral,OK,Medium,Low Risk,0,
Brazil,2002,Influenza,Genetic,0.33,1.59,3.03,36,60,Female,162586,52.88,4.79,8.19,Therapy,2435,No,58.77,4679,7.18,47970,24.76,Viral,OK,Low,Low Risk,0,
Nigeria,2015,Leprosy,Neurological,3.75,13.05,5.04,61,60,Female,272219,94.03,0.55,0.95,Medication,31391,Yes,83.56,3270,5.63,24069,65.24,Bacterial,OK,High,High Risk,0,
Japan,2007,Leprosy,Viral,1.52,0.25,1.72,36,60,Male,567094,79.95,0.56,9.62,Medication,7829,Yes,73.59,2234,6.88,47649,75.11,Bacterial,OK,Low,Low Risk,0,
Uk,2017,Cancer,Bacterial,14.07,0.61,3.24,61,60,Male,10626,98.14,2.36,5.81,Medication,20263,No,51.89,3287,2.79,28827,32.37,Chronic,OK,Medium,Low Risk,0,
Argentina,2014,Rabies,Viral,19.09,0.57,0.37,36,60,Other,487857,99.76,1.93,7.93,Surgery,40038,Yes,53.69,2100,3.01,57961,27.83,Viral,OK,High,Low Risk,0,
France,2005,Dengue,Infectious,6.76,4.35,1.45,19,35,Other,505838,79.11,2.6,3.32,Medication,40149,No,53.63,2075,3.55,1134,24.99,Viral,OK,High,Low Risk,0,
Nigeria,2020,Polio,Autoimmune,15.44,2.94,2.37,36,60,Other,261271,72.75,4.04,3.93,Medication,9703,Yes,98.22,382,3.02,36514,84.01,Viral,OK,Low,Low Risk,0,
India,2013,Covid-19,Chronic,17.83,7.75,4.14,19,35,Male,110130,50.73,4.94,9.99,Vaccination,11797,No,65.75,2227,0.06,69383,89.19,Viral,OK,Medium,Low Risk,0,
Nigeria,2010,Rabies,Genetic,9.6,3.85,7.27,36,60,Other,774468,61.34,0.62,7.48,Therapy,39575,No,86.13,1370,4.53,27429,85.19,Viral,OK,High,High Risk,0,
Brazil,2022,Zika,Respiratory,15.12,1.29,2.32,36,60,Male,731934,81.72,1.89,1.99,Surgery,21539,No,57.85,109,4.34,16181,64.95,Viral,OK,Medium,Low Risk,0,
Saudi Arabia,2004,Hepatitis,Bacterial,4.14,8.49,6.02,36,60,Female,744110,99.8,2.53,7.04,Vaccination,46495,No,51.97,1444,2.72,72898,80.94,Viral,OK,High,High Risk,0,
Indonesia,2009,Polio,Respiratory,16.43,14.59,4.59,0,18,Other,894518,86,2.23,8.16,Vaccination,32113,No,58.52,4815,4.5,69218,60.54,Viral,OK,High,Low Risk,0,
Germany,2006,Hiv/Aids,Parasitic,16.32,12.84,7.18,19,35,Other,754273,91.51,3.33,2.08,Therapy,47338,No,84.41,3635,4.1,79302,56.89,Viral,OK,High,High Risk,0,
Argentina,2007,Parkinson'S Disease,Infectious,13.8,3.95,7.11,36,60,Other,499771,84.27,3.06,7.36,Vaccination,23674,No,97.29,524,6.3,66070,39.83,Neurological,OK,Medium,High Risk,0,
Usa,2008,Influenza,Cardiovascular,18.88,14.73,3.5,19,35,Male,126959,93.29,1.44,6.75,Surgery,32087,No,77.93,2187,3.07,83753,87.76,Viral,OK,High,Low Risk,0,
France,2000,Hypertension,Chronic,13.46,10.75,3.63,36,60,Other,701034,74.81,4.92,0.64,Therapy,32675,Yes,87.97,2492,6.63,99126,31.05,Cardiovascular,OK,High,Low Risk,0,
Australia,2007,Diabetes,Viral,18.12,14.87,6.94,61,60,Male,206224,90.7,4.77,3.94,Medication,49958,No,59.3,3190,9.08,39737,54.75,Metabolic,OK,High,High Risk,0,
Germany,2017,Measles,Autoimmune,11.15,3.37,5.4,19,35,Female,733866,93.63,1.62,5.08,Therapy,43988,Yes,77.99,1827,6.54,10970,75.7,Viral,OK,High,High Risk,0,
Uk,2001,Tuberculosis,Parasitic,15.9,4.89,5.49,0,18,Other,897209,63.33,4.44,0.91,Medication,22437,Yes,65.65,1796,1.31,9334,89.49, Bacterial,OK,Medium,High Risk,0,
Germany,2022,Hypertension,Infectious,8.42,3.03,4.21,19,35,Male,349872,98.93,4.26,0.74,Medication,47250,No,93.24,3982,4.62,69099,63.26,Cardiovascular,OK,High,Low Risk,0,
Italy,2014,Leprosy,Respiratory,9.95,7.52,2.9,36,60,Male,136925,88.35,0.71,4.91,Vaccination,45226,Yes,75.68,3295,6.75,76524,82.66,Bacterial,OK,High,Low Risk,0,
Germany,2021,Hiv/Aids,Infectious,7.74,1.8,6.51,61,60,Female,795754,56.35,1.42,4.68,Surgery,2045,No,68.26,50,7.32,50366,42.26,Viral,OK,Low,High Risk,0,
China,2021,Measles,Neurological,17.63,11.06,3.9,19,35,Other,852484,78.74,4.74,3.58,Vaccination,21941,Yes,86.19,2230,2.92,82403,51.62,Viral,OK,Medium,Low Risk,0,
Uk,2016,Hiv/Aids,Respiratory,13.7,9.6,7.87,19,35,Other,619413,83.04,2.3,6.35,Therapy,46677,Yes,56.55,1697,0.35,7869,57.94,Viral,OK,High,High Risk,0,
France,2004,Ebola,Viral,16.62,13.76,0.45,36,60,Other,15944,56.22,1.99,4.51,Surgery,37593,Yes,66.05,3774,9.16,9333,42.69,Viral,OK,High,Low Risk,0,
Australia,2020,Measles,Viral,3.7,13.41,8.15,36,60,Other,864254,64.81,4.67,9.71,Surgery,41831,Yes,96.23,3587,5.41,42023,20.11,Viral,OK,High,High Risk,0,
Brazil,2008,Cholera,Bacterial,2.6,13.64,1.11,36,60,Male,330501,73.5,1.07,9.92,Vaccination,5776,No,85.1,2381,8.35,87874,34.48,Bacterial,OK,Low,Low Risk,0,
Canada,2019,Zika,Parasitic,18.24,8.68,5.08,0,18,Male,980768,51.32,1.25,8.94,Medication,31824,Yes,53.6,4217,9.28,38020,43.67,Viral,OK,High,High Risk,0,
Usa,2022,Parkinson'S Disease,Cardiovascular,11.8,11.78,3.05,61,60,Male,149839,76.69,2.86,7.58,Vaccination,32645,Yes,80.59,109,2.05,42949,41.47,Neurological,OK,High,Low Risk,0,
Indonesia,2000,Parkinson'S Disease,Metabolic,17.93,8.15,1.79,36,60,Male,614307,61.1,2.71,6.42,Therapy,9881,No,82.72,2119,5.73,10218,28.33,Neurological,OK,Low,Low Risk,0,
Germany,2018,Hepatitis,Autoimmune,0.98,11.8,8.18,36,60,Male,25715,95.5,1.89,5.33,Therapy,32209,No,92.68,2007,6.07,91165,66.37,Viral,OK,High,High Risk,0,
Russia,2001,Rabies,Cardiovascular,9.57,6.51,3.91,61,60,Other,191852,79.3,3.01,7.27,Surgery,15020,Yes,81.15,3212,2.21,78738,57.75,Viral,OK,Medium,Low Risk,0,
France,2024,Influenza,Chronic,15.75,1.32,4.54,36,60,Female,490010,75.11,4.83,5.81,Therapy,16821,Yes,93.72,2729,8.33,41376,88.98,Viral,OK,Medium,Low Risk,0,
Canada,2011,Ebola,Metabolic,14.6,0.19,7.13,36,60,Other,741161,84.63,1.04,6.77,Therapy,7978,No,52.88,2439,5.36,27408,79.29,Viral,OK,Low,High Risk,0,
Turkey,2018,Cholera,Genetic,3.15,8.75,1.38,36,60,Other,323467,98.09,2.86,1.43,Therapy,8375,Yes,82.75,2778,0.53,30435,64.17,Bacterial,OK,Low,Low Risk,0,
India,2017,Parkinson'S Disease,Genetic,4.91,9.52,4.57,0,18,Other,642901,87.02,2.1,7.32,Vaccination,29598,No,74.34,15,8.43,38908,81.51,Neurological,OK,High,Low Risk,0,
Mexico,2009,Parkinson'S Disease,Metabolic,2.05,3.93,5.94,36,60,Female,59251,99.44,4.64,6.77,Vaccination,44457,Yes,77.47,2380,5.56,95662,83.87,Neurological,OK,High,High Risk,0,
Turkey,2022,Hypertension,Neurological,6.65,13.05,9.6,36,60,Male,509170,71.69,1.85,9.29,Therapy,33883,No,50.29,987,1.27,55100,40.37,Cardiovascular,OK,High,High Risk,0,
Uk,2004,Cholera,Respiratory,8.94,10.3,3.19,19,35,Female,922492,87.84,1.43,6.07,Therapy,17553,No,80.25,4038,8.79,14371,31.87,Bacterial,OK,Medium,Low Risk,0,
India,2014,Cholera,Infectious,18.4,4.83,4.92,0,18,Other,776951,84.73,3.34,4.04,Surgery,19224,No,51.21,3793,5.82,62667,66.97,Bacterial,OK,Medium,Low Risk,0,
Brazil,2000,Alzheimer'S Disease,Infectious,5.62,3.38,4.21,19,35,Other,373441,76.48,2.06,3.09,Vaccination,41170,No,52.93,1119,7.13,74437,83.52,Neurological,OK,High,Low Risk,0,
Argentina,2000,Parkinson'S Disease,Cardiovascular,4.86,13.77,6.56,36,60,Female,703783,56.1,4.76,1.64,Vaccination,29986,Yes,60.29,2275,2.53,23917,39.98,Neurological,OK,High,High Risk,0,
Turkey,2014,Measles,Respiratory,18.82,11.65,1.9,19,35,Other,133104,61.24,2.24,9.44,Vaccination,41838,No,50.47,3821,2.78,30598,86.49,Viral,OK,High,Low Risk,0,
Uk,2011,Leprosy,Chronic,7.9,8.46,1.56,19,35,Male,269159,95.04,3.38,8.11,Medication,35868,Yes,75.41,323,2.68,45484,80.88,Bacterial,OK,High,Low Risk,0,
Brazil,2024,Influenza,Bacterial,11.3,13.26,6.13,19,35,Male,400271,78.85,2.85,9.82,Surgery,20403,Yes,68.94,604,7.94,44015,50.82,Viral,OK,Medium,High Risk,0,
Brazil,2014,Alzheimer'S Disease,Metabolic,13.06,14.9,3.85,36,60,Female,863259,85.11,3.49,4.99,Therapy,22556,Yes,77.45,4786,9.95,72367,40.13,Neurological,OK,Medium,Low Risk,0,
Indonesia,2010,Rabies,Bacterial,0.82,0.43,9.93,36,60,Male,703894,95.4,3.07,6.81,Surgery,39105,Yes,63.36,4531,0.17,13583,59.33,Viral,OK,High,High Risk,0,
Australia,2006,Polio,Bacterial,14.83,10.09,4.64,19,35,Female,883662,95.89,3.17,7.8,Surgery,18446,Yes,84.91,2148,2.14,72955,28.71,Viral,OK,Medium,Low Risk,0,
Canada,2008,Asthma,Infectious,18.44,8.52,7.76,0,18,Other,144702,50.24,3.36,6.46,Surgery,13128,No,80.39,4201,9.11,12559,84.99,Respiratory,OK,Medium,High Risk,0,
Saudi Arabia,2023,Zika,Neurological,8.12,2.65,1.34,0,18,Female,413700,68.27,2.9,9.69,Therapy,33763,Yes,92.48,2679,0.96,74991,41.07,Viral,OK,High,Low Risk,0,
Canada,2002,Rabies,Parasitic,11.43,13.06,4.59,36,60,Female,779856,54.48,3.17,2.86,Therapy,48344,No,83.65,4791,0.71,95005,38.63,Viral,OK,High,Low Risk,0,
Turkey,2018,Diabetes,Viral,18.24,8.09,1.8,61,60,Female,408285,80.58,3.77,3.68,Vaccination,23338,No,52.11,664,6.28,62474,33.9,Metabolic,OK,Medium,Low Risk,0,
South Korea,2021,Cancer,Respiratory,9.63,3.08,1.6,19,35,Male,934854,99.02,2.88,3.76,Therapy,9301,No,56.67,1229,3.31,83262,26.73,Chronic,OK,Low,Low Risk,0,
South Korea,2003,Polio,Cardiovascular,14.37,12.02,2.6,61,60,Female,780191,73.67,2.76,6.35,Therapy,30900,Yes,62.98,3319,4.54,46862,40.24,Viral,OK,High,Low Risk,0,
Italy,2006,Tuberculosis,Metabolic,0.91,14.86,7.76,36,60,Male,896608,78.15,1.75,1.48,Vaccination,17117,Yes,74.81,873,6.79,78129,29.45, Bacterial,OK,Medium,High Risk,0,
Japan,2000,Hiv/Aids,Cardiovascular,3.14,13.47,4.2,61,60,Other,204016,98.11,1.03,1.05,Surgery,11538,No,59.38,313,5.68,88191,78.9,Viral,OK,Medium,Low Risk,0,
South Africa,2002,Covid-19,Viral,16.81,3.23,7.39,19,35,Female,470955,93.98,1.41,3.88,Medication,34806,No,77.65,1411,3.24,67605,39.44,Viral,OK,High,High Risk,0,
Canada,2012,Zika,Bacterial,8.61,2.73,2.26,36,60,Other,949385,52.08,4.63,6.89,Medication,9703,Yes,83.16,2551,4.98,37369,77.92,Viral,OK,Low,Low Risk,0,
Indonesia,2009,Dengue,Metabolic,6.44,8.44,0.86,19,35,Male,687786,60.01,2.29,5.3,Vaccination,195,Yes,89.02,3085,8.81,90004,82.18,Viral,OK,Low,Low Risk,0,
Italy,2002,Malaria,Parasitic,9.87,1.95,3.9,0,18,Female,655401,62.1,0.77,2.77,Surgery,17711,Yes,90.58,3950,2.9,96428,48.66,Parasitic,OK,Medium,Low Risk,0,
South Africa,2020,Ebola,Autoimmune,17.25,7.87,3.66,0,18,Other,148785,56.23,4.15,9.34,Surgery,7891,Yes,51.96,3147,4.05,14549,24.4,Viral,OK,Low,Low Risk,0,
Indonesia,2005,Hiv/Aids,Metabolic,14.14,5.89,9.02,36,60,Male,843300,55,4.62,4.56,Therapy,1073,Yes,97.49,2547,9.58,2179,36.64,Viral,OK,Low,High Risk,0,
Indonesia,2021,Influenza,Autoimmune,2.48,2.57,2.03,0,18,Other,584925,68.79,3.42,4.51,Medication,10255,No,80.03,4331,8.2,71483,50.56,Viral,OK,Medium,Low Risk,0,
Germany,2014,Parkinson'S Disease,Genetic,2.15,8.94,4.58,0,18,Male,124719,57.84,2.81,4.43,Medication,24125,Yes,56.51,114,5.02,65837,31.35,Neurological,OK,Medium,Low Risk,0,
Germany,2002,Hepatitis,Cardiovascular,7.13,7.71,7.74,36,60,Female,494613,51.17,3.77,6.27,Medication,46354,No,95.09,1538,8.58,90492,86.74,Viral,OK,High,High Risk,0,
India,2024,Leprosy,Infectious,16.01,4.69,8.69,19,35,Male,449513,72.27,3.53,9.92,Therapy,39467,No,63.14,3568,6.34,83270,48.21,Bacterial,OK,High,High Risk,0,
South Africa,2022,Asthma,Bacterial,19.97,2.34,0.32,19,35,Other,542641,99.41,1.89,8.57,Medication,37764,No,63.48,896,5.77,4421,27.51,Respiratory,OK,High,Low Risk,0,
Canada,2016,Cancer,Chronic,5.54,7.23,3.87,36,60,Male,677602,57.52,0.74,2.07,Medication,28139,Yes,83.67,362,8.06,42662,73.78,Chronic,OK,High,Low Risk,0,
Russia,2017,Cholera,Respiratory,12.18,0.65,5.87,0,18,Female,760533,88.99,4.43,9.9,Therapy,2552,No,81.21,2799,0.31,34745,79.41,Bacterial,OK,Low,High Risk,0,
France,2013,Asthma,Chronic,7.45,12.16,0.96,0,18,Male,47328,52.44,0.67,6.49,Medication,36446,No,93.76,4507,9.29,62059,72.84,Respiratory,OK,High,Low Risk,0,
Argentina,2019,Polio,Genetic,1.29,9.2,4.44,61,60,Other,614812,68.07,3.04,3.83,Medication,29674,Yes,68.39,686,3.8,86672,35.91,Viral,OK,High,Low Risk,0,
Japan,2005,Alzheimer'S Disease,Parasitic,18.53,6.47,5.04,36,60,Male,799027,70.03,1.16,7.86,Therapy,21856,No,75.45,566,8.41,87629,46.14,Neurological,OK,Medium,High Risk,0,
Argentina,2005,Dengue,Neurological,5.57,5.16,0.88,19,35,Female,245019,62.05,2.47,6.65,Surgery,21333,No,81.7,2930,8.55,97062,58.01,Viral,OK,Medium,Low Risk,0,
Germany,2005,Covid-19,Infectious,13.01,9.09,1.2,61,60,Female,92097,58.76,3.42,3.82,Surgery,33297,Yes,65.26,3473,7.14,57702,37.02,Viral,OK,High,Low Risk,0,
Mexico,2022,Hypertension,Neurological,10.89,13.71,4.62,0,18,Female,192860,98.57,4.48,4.41,Vaccination,43861,No,53.43,2320,9.39,55886,33.4,Cardiovascular,OK,High,Low Risk,0,
Japan,2010,Rabies,Chronic,10.56,13.83,5.83,36,60,Female,864603,86,2.56,7.25,Therapy,12591,No,85.34,170,2.64,39938,22.96,Viral,OK,Medium,High Risk,0,
Germany,2018,Cancer,Chronic,15.37,5.01,9.76,61,60,Female,416319,58.14,1.8,5.17,Therapy,42332,Yes,84.96,1831,1.34,96500,85.54,Chronic,OK,High,High Risk,0,
Germany,2016,Hypertension,Bacterial,10.67,3.67,5.85,61,60,Other,799004,60.71,2.47,3.48,Surgery,32730,No,51.71,1683,1.31,62853,49.34,Cardiovascular,OK,High,High Risk,0,
South Africa,2010,Cholera,Parasitic,5.43,5.99,3.15,0,18,Female,247824,75.19,3.43,6.97,Vaccination,22930,No,62.16,4634,7.74,80728,53.29,Bacterial,OK,Medium,Low Risk,0,
Brazil,2019,Tuberculosis,Autoimmune,15.65,2.55,7.44,0,18,Other,941684,52.06,0.8,3.58,Surgery,19989,No,89.08,213,0.4,49684,75.48, Bacterial,OK,Medium,High Risk,0,
Saudi Arabia,2002,Hypertension,Autoimmune,18.06,3.95,1.25,36,60,Male,905138,90.84,1.29,5.05,Vaccination,10090,No,51.28,306,9.37,21361,60.06,Cardiovascular,OK,Medium,Low Risk,0,
Usa,2019,Parkinson'S Disease,Cardiovascular,10.36,5.64,1.54,36,60,Other,520943,89.88,3.76,5.64,Vaccination,5810,Yes,58.77,1499,9.1,37981,20.46,Neurological,OK,Low,Low Risk,0,
Uk,2018,Polio,Infectious,1.95,3.78,2.81,0,18,Male,827125,81.86,1.68,9.66,Therapy,28784,No,96.96,2509,4.03,35630,26.36,Viral,OK,High,Low Risk,0,
China,2005,Polio,Cardiovascular,14.82,6.72,4.64,0,18,Other,57799,52.96,4.37,1.9,Therapy,40429,No,60.29,1227,9.71,53091,40.62,Viral,OK,High,Low Risk,0,
Brazil,2013,Influenza,Infectious,7.13,13.81,7.19,0,18,Other,493680,61,3.39,5.28,Medication,46186,Yes,66.91,1640,9.03,6335,24.36,Viral,OK,High,High Risk,0,
Brazil,2022,Cancer,Bacterial,8.95,4.13,0.24,19,35,Male,303517,59.23,4.75,3.23,Medication,18869,Yes,78.06,1286,7.52,24972,58.71,Chronic,OK,Medium,Low Risk,0,
Russia,2002,Hepatitis,Bacterial,14.31,6.86,9.71,0,18,Male,874491,59.76,1.79,3.49,Vaccination,47260,Yes,87.04,154,4.96,65783,67.11,Viral,OK,High,High Risk,0,
Canada,2011,Ebola,Metabolic,1.18,13.12,1.65,19,35,Male,556700,74.68,2.23,2.75,Medication,29154,Yes,79.12,502,6.49,93201,53.05,Viral,OK,High,Low Risk,0,
Turkey,2013,Cholera,Metabolic,14.94,7.76,4.11,36,60,Other,597321,75.54,0.64,2.61,Therapy,12347,Yes,78.42,3900,1.96,83096,48.96,Bacterial,OK,Medium,Low Risk,0,
Saudi Arabia,2006,Cholera,Bacterial,9.99,12.81,8.48,0,18,Other,862608,56.29,3.53,8.1,Medication,43227,Yes,96.76,2573,2.1,37124,52.17,Bacterial,OK,High,High Risk,0,
Russia,2002,Covid-19,Respiratory,13.02,14.89,3.98,36,60,Male,482042,77.59,0.6,2.75,Surgery,29381,Yes,97.08,3993,2.84,65486,52.69,Viral,OK,High,Low Risk,0,
Uk,2007,Dengue,Bacterial,17.73,2.49,8.39,0,18,Male,195702,58.78,4.11,1.68,Vaccination,30445,No,93.03,4554,3.5,88416,27.53,Viral,OK,High,High Risk,0,
Mexico,2004,Tuberculosis,Viral,6.13,4.66,6.1,36,60,Female,80676,60.89,4.97,3.1,Medication,11898,Yes,63.14,617,6.91,42961,64.17, Bacterial,OK,Medium,High Risk,0,
Canada,2023,Asthma,Cardiovascular,16.73,8.97,7.67,0,18,Female,718094,87.45,2.12,5.36,Medication,29829,Yes,64.75,4568,9.96,72405,84.13,Respiratory,OK,High,High Risk,0,
Japan,2011,Hepatitis,Genetic,3.75,4.12,0.5,0,18,Male,505235,75.07,2.86,7.6,Surgery,36055,Yes,52.87,534,9.6,4233,35.49,Viral,OK,High,Low Risk,0,
Argentina,2001,Ebola,Neurological,10.65,11,2.62,61,60,Male,408148,58.68,2.38,1.71,Vaccination,6387,Yes,68.18,855,8.47,74843,84.59,Viral,OK,Low,Low Risk,0,
Uk,2022,Parkinson'S Disease,Autoimmune,19.91,8.03,9.6,36,60,Male,784892,72.46,2.74,2.43,Vaccination,40429,Yes,94.85,4928,9.3,9830,50.6,Neurological,OK,High,High Risk,0,
China,2013,Parkinson'S Disease,Bacterial,17.23,7.14,8.85,36,60,Male,968496,60,4.88,7.4,Medication,41737,Yes,77.99,3365,2.44,14301,39.78,Neurological,OK,High,High Risk,0,
Nigeria,2001,Measles,Respiratory,2.65,1.96,4.88,61,60,Male,595413,69.65,3.18,7.92,Vaccination,5223,No,98.82,2733,4.4,9155,40.03,Viral,OK,Low,Low Risk,0,
Germany,2003,Measles,Autoimmune,16.59,4.79,2.61,61,60,Female,117862,99.91,4.74,3.66,Therapy,8156,Yes,93.93,4502,7.34,48162,37.59,Viral,OK,Low,Low Risk,0,
Japan,2011,Polio,Metabolic,6.31,8.75,6.67,0,18,Male,333244,68.92,2.35,1.42,Therapy,13098,No,67.48,3772,7.92,87077,77.46,Viral,OK,Medium,High Risk,0,
Saudi Arabia,2023,Malaria,Parasitic,5.75,14.27,5.05,0,18,Male,805599,51.51,0.97,5.73,Therapy,36521,No,71.75,3098,9.22,58692,37.24,Parasitic,OK,High,High Risk,0,
Uk,2020,Rabies,Chronic,7.01,11.18,4.61,36,60,Other,116279,74.66,1.93,9.82,Surgery,7881,No,54.38,1906,9.04,72334,64.75,Viral,OK,Low,Low Risk,0,
Uk,2019,Ebola,Cardiovascular,2.87,6.11,6.61,36,60,Female,79601,60.79,1.22,7.93,Medication,34861,Yes,75.14,1720,8.53,17568,63.29,Viral,OK,High,High Risk,0,
France,2015,Zika,Cardiovascular,12.55,7.66,3.68,19,35,Female,408058,62.95,2.64,8.86,Therapy,25437,No,53.4,3748,4.04,53720,41.48,Viral,OK,High,Low Risk,0,
China,2016,Dengue,Parasitic,7.37,12.28,1.75,36,60,Male,368664,52.17,3.94,3.81,Therapy,27591,No,84.44,3898,7.34,88045,39.83,Viral,OK,High,Low Risk,0,
Indonesia,2011,Diabetes,Viral,14.12,0.6,0.35,36,60,Female,197846,52.7,4.12,9.26,Therapy,31075,No,92.35,4582,6.09,98089,34.19,Metabolic,OK,High,Low Risk,0,
Australia,2018,Dengue,Autoimmune,10.82,4.64,6.29,0,18,Other,462151,80.56,1.48,4.83,Vaccination,40220,No,68.71,803,9.91,4420,49.36,Viral,OK,High,High Risk,0,
Turkey,2009,Ebola,Autoimmune,8.94,12.24,8.43,61,60,Female,244014,55.26,2.93,1.07,Vaccination,13217,No,77.27,1665,6.36,19217,23.33,Viral,OK,Medium,High Risk,0,
Argentina,2017,Hypertension,Cardiovascular,9.76,2.98,7.9,0,18,Female,102201,71.89,4.23,1.91,Surgery,27376,Yes,74.35,3843,9.56,97615,86.84,Cardiovascular,OK,High,High Risk,0,
Argentina,2008,Tuberculosis,Respiratory,8.23,9.33,3.52,19,35,Male,998313,62.42,3.98,4.54,Therapy,3561,Yes,63.94,4827,1.56,56434,40.92, Bacterial,OK,Low,Low Risk,0,
Australia,2012,Ebola,Neurological,6.11,13.52,4.83,0,18,Other,674468,53,1.01,9.01,Surgery,21210,No,53.68,2859,4.2,81925,23,Viral,OK,Medium,Low Risk,0,
Argentina,2018,Asthma,Genetic,1.74,4.3,3.9,0,18,Male,875980,93.82,3.22,5.3,Surgery,5236,Yes,55.27,1235,5.03,5316,55.75,Respiratory,OK,Low,Low Risk,0,
Saudi Arabia,2014,Rabies,Neurological,7.06,1.04,3.75,61,60,Male,509395,55.37,0.61,2.9,Therapy,39000,Yes,54.54,2745,7.75,31080,85.99,Viral,OK,High,Low Risk,0,
China,2019,Asthma,Metabolic,6.19,10.04,1.24,19,35,Female,693766,82.03,3.98,9.98,Vaccination,23722,No,51.51,4979,6.38,84260,46.05,Respiratory,OK,Medium,Low Risk,0,
Indonesia,2013,Rabies,Infectious,8.71,11.15,6.82,0,18,Female,653700,67.61,1.36,8.91,Medication,35326,No,80.73,1829,7.6,80760,41.92,Viral,OK,High,High Risk,0,
Nigeria,2024,Diabetes,Bacterial,16.13,12.82,5,61,60,Male,842486,51.52,1.65,4.99,Medication,12674,No,59.1,4610,1.7,37570,61.67,Metabolic,OK,Medium,Low Risk,0,
Germany,2020,Hiv/Aids,Autoimmune,2.01,12.76,3.68,36,60,Female,414682,77.51,3.04,3.48,Therapy,39102,Yes,59.44,1926,4.12,61683,62.36,Viral,OK,High,Low Risk,0,
Germany,2013,Alzheimer'S Disease,Bacterial,11.84,10.35,0.3,36,60,Female,538243,87.69,3.45,0.82,Vaccination,39923,No,62.68,3639,1.55,79667,67.38,Neurological,OK,High,Low Risk,0,
Uk,2020,Hiv/Aids,Parasitic,19.73,5.72,1.48,61,60,Female,680979,60.34,2.56,4.25,Vaccination,18992,Yes,65.49,2693,5.94,92200,86.44,Viral,OK,Medium,Low Risk,0,
Russia,2008,Diabetes,Respiratory,3.63,10.1,1.94,0,18,Male,333792,80.07,3.93,4.17,Medication,10305,No,59.27,1510,6.31,47842,43.76,Metabolic,OK,Medium,Low Risk,0,
Saudi Arabia,2005,Tuberculosis,Autoimmune,5.74,3.29,0.46,61,60,Other,635283,93.73,1.01,3.34,Vaccination,43112,Yes,94.64,3322,9.55,76878,44.38, Bacterial,OK,High,Low Risk,0,
India,2018,Alzheimer'S Disease,Chronic,16.78,3.29,4.01,19,35,Other,628400,69.27,2.78,3.77,Medication,11430,No,96.15,3386,7.55,62078,24.71,Neurological,OK,Medium,Low Risk,0,
Brazil,2022,Hiv/Aids,Viral,6.26,0.31,5.66,36,60,Male,505634,64.86,4.85,1.4,Therapy,49555,Yes,93.78,2439,2.82,62342,58.05,Viral,OK,High,High Risk,0,
Turkey,2008,Alzheimer'S Disease,Bacterial,3.99,2.79,0.55,19,35,Male,399339,81.58,3.4,4.45,Medication,34345,Yes,96.24,133,8.47,76521,45.01,Neurological,OK,High,Low Risk,0,
Uk,2024,Hiv/Aids,Cardiovascular,14.96,4.76,2.49,19,35,Male,517524,93.99,1.7,4.58,Medication,15082,Yes,61.76,1938,0.59,31025,70.56,Viral,OK,Medium,Low Risk,0,
Italy,2008,Leprosy,Neurological,18.23,11.27,2.98,19,35,Female,446302,92.41,1.98,2,Vaccination,36869,Yes,93.63,2648,6.61,56432,71.8,Bacterial,OK,High,Low Risk,0,
South Africa,2020,Parkinson'S Disease,Metabolic,10.25,13.73,1.29,0,18,Other,93749,61.03,4.29,2.69,Therapy,44091,No,79.14,60,5.93,97861,52.2,Neurological,OK,High,Low Risk,0,
Japan,2012,Measles,Metabolic,7.59,7.26,1.46,61,60,Male,328970,52.37,3.61,2.59,Vaccination,32447,Yes,64.1,3384,5.91,99095,42.03,Viral,OK,High,Low Risk,0,
Saudi Arabia,2000,Cholera,Autoimmune,1.6,5.25,4,0,18,Other,902073,64.69,0.78,2.61,Surgery,6268,No,71.9,3272,2.29,73902,86.47,Bacterial,OK,Low,Low Risk,0,
Argentina,2022,Zika,Bacterial,4.74,11.58,0.22,36,60,Female,607792,74.47,4.62,9.22,Surgery,32844,Yes,53.74,2133,3.26,5913,80.1,Viral,OK,High,Low Risk,0,
Russia,2013,Tuberculosis,Cardiovascular,18.17,12.9,5.84,19,35,Female,506444,98.12,3.81,9.87,Medication,43654,No,58.99,4554,5.06,6992,47.66, Bacterial,OK,High,High Risk,0,
South Korea,2000,Ebola,Parasitic,5.06,14.59,4.82,19,35,Female,274585,57.31,0.91,7.22,Surgery,39900,Yes,62.83,4938,7.27,33803,60.48,Viral,OK,High,Low Risk,0,
India,2015,Zika,Bacterial,18.4,14.82,8.09,36,60,Male,421037,59.38,3.32,6.59,Therapy,14455,Yes,80.39,3347,2.39,1226,59.98,Viral,OK,Medium,High Risk,0,
Nigeria,2022,Polio,Infectious,18.29,7.22,3.45,0,18,Male,933548,78.68,3.6,2.04,Surgery,36229,No,76.05,1315,4.53,30095,58.37,Viral,OK,High,Low Risk,0,
Saudi Arabia,2007,Cancer,Autoimmune,2.88,11.6,7.64,61,60,Female,642241,53.58,2.88,9.16,Surgery,37392,Yes,96.99,280,6.45,50706,63.81,Chronic,OK,High,High Risk,0,
South Korea,2023,Covid-19,Bacterial,19.55,3.32,9.63,61,60,Female,156444,77.02,4.05,7.13,Therapy,45023,No,94.37,2474,9.35,75214,28.37,Viral,OK,High,High Risk,0,
Germany,2001,Zika,Viral,6.29,0.66,8.19,61,60,Female,531007,57.31,2.66,1.88,Vaccination,34739,No,52.65,4978,2.29,1111,80.55,Viral,OK,High,High Risk,0,
Argentina,2011,Ebola,Bacterial,19.42,1.28,4.63,61,60,Other,812951,77.91,4.26,0.52,Surgery,24514,No,97.27,3257,8.45,98681,79.1,Viral,OK,Medium,Low Risk,0,
South Africa,2011,Measles,Neurological,19.41,13.13,2.53,0,18,Other,286167,69.14,2.93,8.58,Surgery,13061,No,60.44,4420,4.6,84911,56.95,Viral,OK,Medium,Low Risk,0,
India,2001,Cancer,Genetic,7.66,7.85,5.11,19,35,Male,907430,55.19,3.5,8.6,Medication,2977,No,77.53,3002,9.15,69278,63.33,Chronic,OK,Low,High Risk,0,
Japan,2010,Rabies,Bacterial,18.83,1.83,1.89,0,18,Male,41909,80.05,4.17,3.56,Vaccination,29602,Yes,61.69,733,5.74,9059,74.2,Viral,OK,High,Low Risk,0,
Turkey,2005,Hepatitis,Viral,10.31,6.85,4.97,19,35,Female,785885,71.89,4.46,7.78,Surgery,8126,No,51.35,3297,9.28,13373,69.91,Viral,OK,Low,Low Risk,0,
Russia,2014,Covid-19,Infectious,11.11,6.5,4.72,61,60,Male,143452,54.16,4.95,2.96,Vaccination,35363,No,77.16,703,5.51,35473,88.41,Viral,OK,High,Low Risk,0,
Turkey,2000,Hypertension,Infectious,11.11,11.28,3.93,0,18,Other,562280,56.39,4.96,4.61,Vaccination,43899,Yes,56.27,980,7.02,18703,26.87,Cardiovascular,OK,High,Low Risk,0,
Australia,2009,Leprosy,Chronic,17.2,9.33,0.93,19,35,Male,382033,71.15,3.89,4.66,Therapy,7408,No,71.96,3840,8.03,42779,59.7,Bacterial,OK,Low,Low Risk,0,
Uk,2010,Alzheimer'S Disease,Viral,8.25,12.58,3.71,19,35,Other,675496,74.48,1.56,3.02,Vaccination,22844,No,57.49,4385,2.23,95199,83.45,Neurological,OK,Medium,Low Risk,0,
South Korea,2022,Diabetes,Autoimmune,11.55,9.25,4.31,0,18,Male,407221,97.45,3.35,5.15,Surgery,12089,No,88.54,354,3.56,28911,65.59,Metabolic,OK,Medium,Low Risk,0,
India,2017,Asthma,Viral,13.88,6.23,5.16,36,60,Other,265312,99.68,3.2,8.71,Medication,30939,Yes,54.42,4388,8.49,28892,60.53,Respiratory,OK,High,High Risk,0,
Turkey,2023,Parkinson'S Disease,Infectious,0.55,5.18,7.77,0,18,Female,235388,82.45,2.27,0.74,Therapy,13160,No,98.94,1745,7.32,29618,49.8,Neurological,OK,Medium,High Risk,0,
Russia,2019,Zika,Bacterial,1.03,8.26,6.17,61,60,Other,793789,85.27,1.13,4.92,Medication,8906,Yes,66.71,4984,4.9,94811,52.55,Viral,OK,Low,High Risk,0,
Uk,2000,Cancer,Infectious,15.69,14.45,4.75,61,60,Female,906787,58.65,2.31,3.22,Medication,20051,Yes,84.61,3602,1.34,57313,78.48,Chronic,OK,Medium,Low Risk,0,
Usa,2019,Ebola,Respiratory,7.27,7.11,9.48,0,18,Other,696180,87.68,2.42,4.02,Therapy,28926,No,89.78,3683,5.87,40663,43.51,Viral,OK,High,High Risk,0,
Italy,2019,Dengue,Cardiovascular,5.97,4.65,5.35,0,18,Male,101330,90.12,0.74,1.81,Therapy,34838,No,70.68,467,2.35,69819,57.41,Viral,OK,High,High Risk,0,
Mexico,2008,Measles,Viral,14.43,14.96,6.21,61,60,Male,355421,62.45,3.02,8.87,Vaccination,46377,No,83.16,503,7.64,63064,27.72,Viral,OK,High,High Risk,0,
Canada,2014,Influenza,Autoimmune,8.22,12.23,9.53,0,18,Female,423690,80.91,1.15,5.19,Therapy,44102,Yes,86.99,1016,5.16,7273,84.29,Viral,OK,High,High Risk,0,
South Africa,2016,Hypertension,Cardiovascular,11.52,2.94,6.18,19,35,Male,266560,59.58,3.51,6.6,Therapy,16039,Yes,74.9,4431,3.89,2619,29.51,Cardiovascular,OK,Medium,High Risk,0,
Indonesia,2013,Cholera,Neurological,8.56,8.17,4,61,60,Female,718269,80.55,4.49,6.59,Medication,19963,No,94.26,543,1.92,95041,80.8,Bacterial,OK,Medium,Low Risk,0,
Usa,2016,Hepatitis,Neurological,14.8,14.03,7.85,0,18,Female,157140,76.7,4.81,8.98,Surgery,22683,No,72.08,4072,3.32,81434,79.71,Viral,OK,Medium,High Risk,0,
France,2023,Cholera,Cardiovascular,7.06,5.36,0.85,61,60,Male,373931,60.81,2.11,1.83,Surgery,7928,No,66.94,3443,7.92,68110,26.63,Bacterial,OK,Low,Low Risk,0,
Russia,2013,Hiv/Aids,Autoimmune,4.33,7.71,7.05,61,60,Other,311127,96.16,1.58,9.7,Medication,9837,Yes,69.41,4144,3.07,48487,73.17,Viral,OK,Low,High Risk,0,
Uk,2013,Diabetes,Respiratory,19.69,5.1,3.18,61,60,Other,256650,60.23,1.28,6.4,Therapy,45491,Yes,70.02,4475,3.32,68721,41.16,Metabolic,OK,High,Low Risk,0,
South Korea,2012,Rabies,Bacterial,12.7,13.73,9.57,36,60,Other,334517,61.35,4.8,3.07,Surgery,16126,Yes,56.76,2234,2.02,7505,59.21,Viral,OK,Medium,High Risk,0,
Indonesia,2017,Cancer,Chronic,4.31,1.93,1.47,36,60,Male,556746,78.95,2.93,6.58,Surgery,20591,Yes,61.49,1234,7.57,42413,31.63,Chronic,OK,Medium,Low Risk,0,
Japan,2024,Polio,Infectious,14.77,14.43,1.35,0,18,Male,667317,67.93,4.29,9.34,Therapy,31432,Yes,94.11,4339,5.55,49003,28.98,Viral,OK,High,Low Risk,0,
Japan,2000,Zika,Bacterial,11.53,11.47,7.69,0,18,Other,290756,91.98,3.44,5.03,Vaccination,40724,Yes,95.75,164,4.92,21179,85.16,Viral,OK,High,High Risk,0,
Uk,2009,Zika,Cardiovascular,15.45,7.26,1.41,36,60,Male,854602,89.66,4.78,6.94,Therapy,37653,Yes,64.21,2312,9.73,47283,39.32,Viral,OK,High,Low Risk,0,
Nigeria,2018,Cancer,Metabolic,11.44,0.81,5.38,36,60,Other,643643,63.21,4.69,5.52,Medication,344,Yes,69.6,1938,7.06,44710,74.24,Chronic,OK,Low,High Risk,0,
South Korea,2013,Rabies,Genetic,19.06,2.51,2.43,61,60,Male,58475,67.98,1.98,2.87,Therapy,40700,No,69.17,1730,2.15,20170,36.84,Viral,OK,High,Low Risk,0,
Turkey,2002,Zika,Chronic,3.32,14.79,2.91,36,60,Other,564523,61.28,0.51,7.01,Therapy,39307,No,61.33,1351,6.07,26313,45.06,Viral,OK,High,Low Risk,0,
Russia,2022,Parkinson'S Disease,Cardiovascular,16.73,4.66,6.08,19,35,Other,156478,68.75,4.16,1.87,Therapy,27767,No,59.14,290,3.48,2843,76.3,Neurological,OK,High,High Risk,0,
Germany,2018,Hypertension,Autoimmune,9.07,6.52,8.42,0,18,Other,121250,74.93,4.32,1.96,Medication,31664,Yes,97.19,2865,4.44,61070,49.86,Cardiovascular,OK,High,High Risk,0,
Australia,2005,Hepatitis,Chronic,19.98,9.56,2.22,36,60,Male,53022,52.1,0.83,2.6,Medication,3935,No,97.96,3024,8.72,58715,83.66,Viral,OK,Low,Low Risk,0,
India,2005,Cancer,Infectious,18.86,2.25,4.38,36,60,Female,823359,58.02,3.18,5.53,Surgery,15174,No,59.73,4503,0.78,36443,29.2,Chronic,OK,Medium,Low Risk,0,
South Africa,2003,Covid-19,Neurological,16.01,4.38,2.86,61,60,Other,35305,71.48,3.88,5.96,Vaccination,23426,Yes,62.2,65,2.83,44887,48.27,Viral,OK,Medium,Low Risk,0,
India,2020,Parkinson'S Disease,Infectious,2.86,4.53,4.42,36,60,Other,357831,96.55,4.9,2.22,Therapy,41500,Yes,71.21,1536,3.21,86245,27.65,Neurological,OK,High,Low Risk,0,
Argentina,2007,Hypertension,Metabolic,8.73,0.64,5.62,36,60,Male,108458,78.73,4.34,9.02,Therapy,12545,Yes,73.98,3511,1.25,30850,85.38,Cardiovascular,OK,Medium,High Risk,0,
Canada,2010,Polio,Neurological,2.27,2.67,0.75,61,60,Other,876688,81.61,3.5,9.39,Surgery,34589,No,59.12,1058,5.66,43052,40.88,Viral,OK,High,Low Risk,0,
Italy,2011,Alzheimer'S Disease,Neurological,14.07,10.43,4.45,36,60,Male,980736,90.03,1.45,9.67,Medication,23566,Yes,90.08,820,6.09,31909,30.04,Neurological,OK,Medium,Low Risk,0,
France,2022,Hiv/Aids,Neurological,19.04,12.41,1.38,19,35,Male,74729,75.66,4.99,8.6,Vaccination,16887,No,60.5,3376,8.24,6042,59.84,Viral,OK,Medium,Low Risk,0,
China,2019,Diabetes,Viral,14.36,1.76,3.81,36,60,Other,19598,75.71,1.33,2.98,Surgery,15956,Yes,58.24,2751,1.77,1872,64.71,Metabolic,OK,Medium,Low Risk,0,
India,2011,Asthma,Respiratory,10.99,10.6,6.78,19,35,Female,48182,72.84,3.92,8.43,Surgery,30635,Yes,53.72,3568,7.51,58653,42.11,Respiratory,OK,High,High Risk,0,
Canada,2010,Influenza,Viral,14.37,6.51,5.18,0,18,Male,526371,65.06,4.21,1.25,Medication,49870,Yes,96.6,2311,2.53,60321,58.67,Viral,OK,High,High Risk,0,
Australia,2012,Hepatitis,Neurological,14.65,5.93,5.18,61,60,Other,827146,66.51,0.89,6.17,Vaccination,16122,Yes,97.76,900,2.84,44788,53.93,Viral,OK,Medium,High Risk,0,
South Korea,2020,Dengue,Metabolic,15.58,5.79,9.78,0,18,Other,950060,66.37,1.71,8.31,Vaccination,21040,No,51.81,546,0.25,20689,20.89,Viral,OK,Medium,High Risk,0,
Nigeria,2015,Rabies,Metabolic,8.56,14.86,2.84,61,60,Female,876200,84.62,3.81,3.13,Therapy,32221,Yes,80.27,808,0.39,1622,32.17,Viral,OK,High,Low Risk,0,
South Korea,2017,Asthma,Parasitic,5.92,8,2.12,0,18,Male,158376,91.93,4.17,4.79,Surgery,7272,Yes,97.14,3714,7.14,19983,35.08,Respiratory,OK,Low,Low Risk,0,
Brazil,2015,Alzheimer'S Disease,Metabolic,5.27,5.56,8.19,36,60,Male,492249,88.97,0.97,7.18,Therapy,7665,Yes,70.78,865,8.12,79355,46.18,Neurological,OK,Low,High Risk,0,
Brazil,2022,Asthma,Genetic,17.84,4.88,7.57,0,18,Male,256524,55.41,2.39,5.44,Therapy,21065,Yes,60.58,4767,5.97,38393,20.95,Respiratory,OK,Medium,High Risk,0,
Germany,2019,Malaria,Cardiovascular,19.35,12.71,7.71,61,60,Other,815795,93.86,2.18,4.15,Therapy,34887,Yes,56.22,4389,1.03,69665,40.33,Parasitic,OK,High,High Risk,0,
India,2010,Hepatitis,Parasitic,1.83,4.04,3.52,0,18,Male,652936,69.86,1.64,2.03,Surgery,34514,No,93.6,1235,9.56,18693,28.17,Viral,OK,High,Low Risk,0,
Brazil,2005,Ebola,Cardiovascular,8.23,13.13,3.98,36,60,Female,48822,52.93,4.86,6.92,Therapy,43700,Yes,94.45,648,5,46122,40.94,Viral,OK,High,Low Risk,0,
Indonesia,2020,Measles,Neurological,14.62,10.04,0.63,36,60,Male,974554,80.28,1.99,4.78,Surgery,17661,No,64.09,1463,4.99,52061,70.91,Viral,OK,Medium,Low Risk,0,
France,2007,Alzheimer'S Disease,Metabolic,9.94,13.22,0.68,61,60,Female,224970,96.15,1.4,5.24,Therapy,48343,No,98.29,3030,5.52,26007,47.23,Neurological,OK,High,Low Risk,0,
Indonesia,2008,Polio,Cardiovascular,0.79,0.42,2.47,19,35,Other,268030,74.55,4.55,6.27,Therapy,4422,Yes,80.07,2407,8.05,38491,77.9,Viral,OK,Low,Low Risk,0,
Uk,2016,Polio,Viral,0.69,2.74,6.19,0,18,Male,836072,57.61,4.99,7.99,Therapy,2167,Yes,57.51,3044,3.87,17827,75.95,Viral,OK,Low,High Risk,0,
India,2013,Covid-19,Chronic,17.97,4.55,8.41,0,18,Male,309708,89.58,4.38,6.86,Therapy,49931,No,77.69,4765,7.73,51416,74.13,Viral,OK,High,High Risk,0,
Indonesia,2006,Hepatitis,Metabolic,6.2,2.4,6.86,19,35,Female,668292,54.44,3.53,4.79,Vaccination,43496,Yes,93.83,1564,6.67,59928,62.02,Viral,OK,High,High Risk,0,
Uk,2005,Hepatitis,Chronic,2.04,8.94,8.62,36,60,Male,367230,84.95,3.06,7.52,Vaccination,49231,No,54.2,4505,6.81,55969,88.15,Viral,OK,High,High Risk,0,
South Africa,2015,Parkinson'S Disease,Chronic,7.55,13.75,0.54,0,18,Female,331895,65.74,0.73,3.1,Therapy,38554,No,91.37,79,3.87,18025,40.48,Neurological,OK,High,Low Risk,0,
China,2002,Measles,Metabolic,6.8,10.97,3.38,36,60,Female,371387,76.49,3.86,9.37,Surgery,12069,Yes,88.4,749,6.37,95005,67.5,Viral,OK,Medium,Low Risk,0,
Australia,2018,Polio,Parasitic,6.12,11.3,7.3,36,60,Female,210995,69.41,1.63,7.78,Vaccination,18416,No,84.49,4222,7.85,84688,55.67,Viral,OK,Medium,High Risk,0,
Germany,2024,Hepatitis,Chronic,2.6,5.05,1.12,61,60,Male,535278,71.02,4.28,2.56,Surgery,41309,Yes,95.65,4320,0.51,23311,67.6,Viral,OK,High,Low Risk,0,
Nigeria,2001,Hypertension,Infectious,19.45,5.5,1.59,36,60,Male,161287,89.39,4.57,5.46,Therapy,2749,No,80.56,1628,9.63,75193,61.83,Cardiovascular,OK,Low,Low Risk,0,
Australia,2002,Hepatitis,Metabolic,19.83,1.59,8.99,0,18,Other,395699,92.12,1.76,0.82,Surgery,15329,Yes,73.87,4104,2.64,7986,29.31,Viral,OK,Medium,High Risk,0,
India,2016,Hypertension,Genetic,10.18,8.98,0.96,61,60,Male,930354,90.86,0.8,5.38,Medication,35529,Yes,74.47,1939,8.2,67593,20.36,Cardiovascular,OK,High,Low Risk,0,
China,2004,Measles,Viral,15.05,3.06,8.39,0,18,Male,109498,56.77,2.77,1.03,Therapy,5047,Yes,98.01,4928,9.86,3486,89.48,Viral,OK,Low,High Risk,0,
South Africa,2003,Influenza,Viral,11.67,1.25,8.99,19,35,Male,15723,95.01,0.68,3.69,Medication,41617,No,60,4032,9.97,32909,58.38,Viral,OK,High,High Risk,0,
India,2011,Zika,Infectious,15.02,11.55,8.12,19,35,Other,373550,76.46,4.93,7.27,Therapy,39593,Yes,52.92,557,0.82,19740,58.1,Viral,OK,High,High Risk,0,
Indonesia,2012,Covid-19,Neurological,12.01,10.21,9.43,0,18,Other,834248,96.83,2.27,3.5,Therapy,34289,No,72.95,2210,8.96,926,67.75,Viral,OK,High,High Risk,0,
Saudi Arabia,2000,Hypertension,Cardiovascular,13.03,12.39,5.14,0,18,Female,944524,90.25,2.44,1.86,Therapy,28838,No,92.39,1146,1.91,31815,44.14,Cardiovascular,OK,High,High Risk,0,
Japan,2019,Zika,Chronic,13.41,13.2,9.71,61,60,Male,475185,55.4,0.51,4.59,Vaccination,21931,No,68.94,3532,9.65,59867,68.72,Viral,OK,Medium,High Risk,0,
Russia,2015,Alzheimer'S Disease,Bacterial,12,6.28,1.32,61,60,Other,654696,67.43,1.04,1.08,Medication,22260,No,67.06,757,7.15,89107,88.62,Neurological,OK,Medium,Low Risk,0,
Australia,2019,Influenza,Bacterial,8.82,8.25,8.69,0,18,Other,286029,76.3,4.89,7.46,Therapy,25445,Yes,59.92,1143,7.75,2535,32.96,Viral,OK,High,High Risk,0,
Australia,2010,Ebola,Metabolic,5.46,11.88,7.87,0,18,Other,17321,73.36,2.57,5.16,Therapy,38067,No,60.58,1748,7.65,84508,20.83,Viral,OK,High,High Risk,0,
Saudi Arabia,2010,Diabetes,Genetic,19.47,14.21,5.53,36,60,Male,901255,70.93,4.8,8.91,Therapy,38904,No,82.36,3554,9.26,82821,65.47,Metabolic,OK,High,High Risk,0,
Argentina,2007,Malaria,Bacterial,3.73,2.05,5.29,0,18,Male,256725,57.01,3.37,5.78,Medication,47887,No,60.05,3513,6.51,19235,46.23,Parasitic,OK,High,High Risk,0,
Brazil,2002,Rabies,Neurological,19.75,10.87,4.9,19,35,Female,824432,84.07,3.6,7.22,Vaccination,6190,No,69.14,3711,3.31,13062,77.16,Viral,OK,Low,Low Risk,0,
South Korea,2015,Dengue,Viral,10.13,14.24,7.27,61,60,Female,370763,81.74,0.68,9.95,Surgery,524,Yes,69.89,4245,4.58,7901,41.19,Viral,OK,Low,High Risk,0,
Nigeria,2015,Asthma,Cardiovascular,12.5,11.41,6.24,0,18,Female,368445,55.93,2.23,7.74,Medication,322,Yes,82.69,3759,1.1,65653,30.34,Respiratory,OK,Low,High Risk,0,
Uk,2012,Hepatitis,Bacterial,6.3,12.23,8.42,19,35,Female,733285,81.65,4.49,3.79,Surgery,1029,No,77.71,753,6.87,96115,78.05,Viral,OK,Low,High Risk,0,
Indonesia,2018,Covid-19,Viral,16.11,7.71,4.1,36,60,Other,719785,69.51,3,4.81,Therapy,4151,No,75.47,2388,7.7,85041,56.58,Viral,OK,Low,Low Risk,0,
Nigeria,2023,Parkinson'S Disease,Metabolic,1.95,9.93,1.62,19,35,Male,833203,74.99,3.25,9.31,Therapy,29876,No,61.77,3191,0.01,7414,64.01,Neurological,OK,High,Low Risk,0,
Uk,2021,Rabies,Infectious,12.08,10.09,1.14,19,35,Female,884234,94.15,0.95,5,Surgery,13217,No,80.27,35,5.78,16905,77.07,Viral,OK,Medium,Low Risk,0,
Brazil,2013,Tuberculosis,Cardiovascular,4.64,13.08,0.72,19,35,Female,152422,56.02,3.21,9.27,Surgery,23903,No,51.11,3433,4.69,83568,85.01, Bacterial,OK,Medium,Low Risk,0,
Saudi Arabia,2015,Asthma,Cardiovascular,1.42,6.82,9.23,61,60,Female,150471,68.67,4.32,1.21,Therapy,7726,Yes,94.91,814,8.1,77816,57.07,Respiratory,OK,Low,High Risk,0,
China,2002,Malaria,Metabolic,16.56,12.14,5.25,61,60,Female,883797,99.49,4.17,8.42,Therapy,18533,No,58,4788,6.86,90892,66.74,Parasitic,OK,Medium,High Risk,0,
Indonesia,2005,Zika,Neurological,4.31,11.47,2.45,0,18,Female,124615,54.63,0.9,4.35,Therapy,14553,No,59.93,850,9.31,21119,25.47,Viral,OK,Medium,Low Risk,0,
India,2013,Covid-19,Autoimmune,16.6,11.5,4.44,36,60,Other,498954,69.93,2.79,4.89,Vaccination,21654,Yes,89.74,3242,6.61,50363,76.19,Viral,OK,Medium,Low Risk,0,
Germany,2019,Covid-19,Chronic,4.17,5.31,6.46,36,60,Other,855790,88.37,2.33,9.24,Therapy,24630,No,80.8,713,6.72,16047,39.95,Viral,OK,Medium,High Risk,0,
Saudi Arabia,2005,Ebola,Metabolic,14.5,0.95,6.76,19,35,Female,151217,84.11,2.84,2.13,Surgery,21771,No,64.12,1188,4.96,44203,75.21,Viral,OK,Medium,High Risk,0,
Indonesia,2001,Hiv/Aids,Viral,4.29,4.38,1.11,19,35,Female,204117,93.35,2.61,4.59,Vaccination,25175,Yes,97.29,3342,0.89,66182,74.95,Viral,OK,High,Low Risk,0,
Indonesia,2010,Alzheimer'S Disease,Neurological,17.15,0.74,5.43,0,18,Male,688053,85.51,2.62,5.94,Therapy,30525,No,81.61,2874,4.16,25218,74.83,Neurological,OK,High,High Risk,0,
South Africa,2002,Diabetes,Infectious,6.07,3.29,8.67,0,18,Female,436000,77.85,2.84,9.18,Surgery,17520,Yes,52.62,4077,3.76,84806,80.13,Metabolic,OK,Medium,High Risk,0,
Brazil,2001,Cholera,Metabolic,3.52,13.88,1.8,61,60,Other,546170,57.17,3.08,9.7,Therapy,1792,Yes,78.22,1615,5.23,95190,65.42,Bacterial,OK,Low,Low Risk,0,
Argentina,2019,Tuberculosis,Viral,2.01,4.54,6,19,35,Other,943263,95.97,2.61,9.12,Therapy,38328,No,80.35,2196,3.41,59135,56.85, Bacterial,OK,High,High Risk,0,
South Africa,2003,Hiv/Aids,Infectious,16.2,9.21,7.98,0,18,Other,993467,68.11,4.83,4.43,Therapy,37478,Yes,97.33,852,9.14,5178,43.45,Viral,OK,High,High Risk,0,
Indonesia,2016,Parkinson'S Disease,Neurological,14.69,13.84,5.87,36,60,Female,29276,59.36,1.89,3.07,Vaccination,1774,Yes,87.9,3530,8.26,52312,51,Neurological,OK,Low,High Risk,0,
Nigeria,2015,Covid-19,Parasitic,10.5,2.13,4.33,61,60,Male,789758,85.24,3.02,4.22,Therapy,9271,Yes,54.51,4656,6.99,16414,40.41,Viral,OK,Low,Low Risk,0,
Uk,2024,Covid-19,Respiratory,15.79,5.3,2.95,19,35,Male,734582,77.02,4.95,0.69,Surgery,35605,No,67.23,3498,4.17,1071,76.52,Viral,OK,High,Low Risk,0,
South Africa,2010,Hiv/Aids,Bacterial,15.42,8.5,7.53,19,35,Other,756717,70.88,0.71,4.47,Surgery,39752,No,86.29,4778,8.91,57412,83.64,Viral,OK,High,High Risk,0,
Canada,2021,Zika,Bacterial,12.96,10.17,9.3,19,35,Male,823899,70.38,1.98,9.79,Therapy,2948,Yes,59.57,2853,0.4,98346,79.37,Viral,OK,Low,High Risk,0,
Argentina,2003,Hepatitis,Bacterial,2.05,4.47,7.45,36,60,Male,682308,93.84,2.22,9.18,Medication,9095,Yes,53.56,1628,9.14,59588,81.96,Viral,OK,Low,High Risk,0,
South Korea,2000,Dengue,Metabolic,4.73,14.28,7.64,36,60,Male,492393,97.59,3.88,2.58,Medication,47922,No,95.28,2128,6.03,78185,87.51,Viral,OK,High,High Risk,0,
Canada,2022,Covid-19,Neurological,16.8,5.43,5.38,0,18,Female,521105,76.08,4.54,4.94,Vaccination,7805,Yes,67.53,2956,2.4,2421,44.3,Viral,OK,Low,High Risk,0,
Argentina,2004,Parkinson'S Disease,Viral,17.4,7.78,0.38,36,60,Other,980911,71.58,1.54,6.73,Medication,46039,No,70.84,3782,1.72,93113,64.96,Neurological,OK,High,Low Risk,0,
Italy,2004,Hiv/Aids,Bacterial,6.96,8.41,7.01,36,60,Female,920507,78.06,2.61,1.83,Surgery,24390,No,71.38,1873,7.85,91576,53.72,Viral,OK,Medium,High Risk,0,
Usa,2020,Polio,Parasitic,18.4,0.35,9.74,61,60,Male,206560,75.96,2.25,6.4,Vaccination,47340,No,74.75,1897,0.82,58788,50.89,Viral,OK,High,High Risk,0,
Nigeria,2024,Cancer,Viral,16.21,2.77,2.93,36,60,Female,867980,57.94,2.65,9.33,Vaccination,14395,No,63.28,2797,7.61,99905,81.05,Chronic,OK,Medium,Low Risk,0,
Brazil,2002,Leprosy,Genetic,9.48,0.26,1.53,19,35,Male,484527,60.4,1.15,3.92,Vaccination,28295,No,80.3,1493,8.53,15459,32.6,Bacterial,OK,High,Low Risk,0,
Mexico,2007,Asthma,Viral,4.61,2.26,5.6,19,35,Male,37027,64.57,1.18,7.36,Therapy,32343,Yes,70.62,3631,6.87,55724,36.54,Respiratory,OK,High,High Risk,0,
Japan,2019,Dengue,Viral,19.36,10.62,9.03,36,60,Male,875202,65.13,4.61,2.04,Vaccination,49394,No,92.42,4931,8.51,7228,58.16,Viral,OK,High,High Risk,0,
Turkey,2004,Parkinson'S Disease,Infectious,5.53,7.08,1.71,0,18,Male,224423,88.59,1.97,7.86,Surgery,4875,Yes,91.81,4289,5.93,86834,21.72,Neurological,OK,Low,Low Risk,0,
Italy,2017,Measles,Cardiovascular,8.28,1.82,6.26,36,60,Female,223982,70.89,3.88,4.55,Therapy,48955,No,83.72,4311,2.59,45967,83.78,Viral,OK,High,High Risk,0,
Usa,2007,Asthma,Metabolic,13.19,6.81,9.09,0,18,Male,401363,55.38,3.08,7.17,Therapy,12044,Yes,88.87,4756,2.93,48600,27.97,Respiratory,OK,Medium,High Risk,0,
India,2018,Hypertension,Infectious,2.91,13.71,5.16,36,60,Male,624096,65.07,1.73,9.84,Therapy,36377,Yes,51.39,1852,5.1,50805,87.45,Cardiovascular,OK,High,High Risk,0,
France,2011,Cholera,Metabolic,19.11,1.04,6.45,36,60,Female,248223,92.98,0.69,1.01,Medication,31599,Yes,60.61,1698,2.73,14307,82.68,Bacterial,OK,High,High Risk,0,
China,2020,Ebola,Viral,2.62,11.51,2.98,19,35,Female,140732,88.23,2.37,4.1,Vaccination,27140,Yes,78.36,4350,5.74,16271,25.16,Viral,OK,High,Low Risk,0,
Australia,2010,Zika,Bacterial,15.22,4.81,1.37,61,60,Female,451151,88.87,2.4,3.04,Medication,11537,Yes,86.65,2718,0.51,82373,74.92,Viral,OK,Medium,Low Risk,0,
Saudi Arabia,2018,Cancer,Genetic,17.25,7.68,1.42,61,60,Other,648244,59.77,4.55,7.05,Therapy,43174,Yes,71.62,1526,7.94,76551,36.83,Chronic,OK,High,Low Risk,0,
South Korea,2001,Cholera,Genetic,17.05,1.12,1.04,0,18,Male,799148,96.49,2.16,6.62,Vaccination,19627,No,60.45,3206,3.42,13217,30.14,Bacterial,OK,Medium,Low Risk,0,
Uk,2008,Dengue,Parasitic,16.97,13.04,0.33,61,60,Female,404199,71.86,3.73,6.75,Therapy,22540,No,54.74,1202,4.01,82143,59.38,Viral,OK,Medium,Low Risk,0,
South Korea,2009,Parkinson'S Disease,Cardiovascular,5.53,14.64,9.98,19,35,Other,86098,91.6,3.17,9.08,Therapy,330,No,96.21,2978,0.52,23410,28.37,Neurological,OK,Low,High Risk,0,
South Korea,2007,Influenza,Viral,18.35,9.19,5.51,19,35,Male,837740,92.39,3.59,3.3,Medication,5256,No,54.17,3356,1.24,71910,46.24,Viral,OK,Low,High Risk,0,
Turkey,2000,Alzheimer'S Disease,Bacterial,15.58,10.79,9.07,36,60,Other,763680,56.88,4.58,9.23,Therapy,26871,No,84.96,2363,7.8,86863,61.14,Neurological,OK,High,High Risk,0,
Canada,2004,Dengue,Bacterial,11.41,11.83,2.36,36,60,Other,441598,89.59,3.23,1.15,Therapy,11184,No,58.75,4650,3.43,48688,41.29,Viral,OK,Medium,Low Risk,0,
Canada,2019,Dengue,Cardiovascular,8.62,7.46,2.31,61,60,Other,145837,65.51,2.43,0.71,Surgery,39647,Yes,60.5,919,7.95,39674,29.66,Viral,OK,High,Low Risk,0,
Turkey,2011,Alzheimer'S Disease,Bacterial,1.6,10.64,9.54,61,60,Other,580386,68.71,1.99,7.53,Surgery,41903,Yes,57.88,2925,5,70326,87.27,Neurological,OK,High,High Risk,0,
India,2022,Leprosy,Respiratory,9.66,5.31,9.58,61,60,Male,406253,73.04,0.65,8.38,Vaccination,32393,No,62.07,3035,9.72,22547,72.47,Bacterial,OK,High,High Risk,0,
Indonesia,2006,Rabies,Autoimmune,5.57,9.56,9.86,36,60,Female,563957,88.32,2.19,1.12,Vaccination,38438,No,59.72,2962,0.41,3868,29.91,Viral,OK,High,High Risk,0,
Australia,2013,Leprosy,Cardiovascular,10.36,3.66,9.95,0,18,Male,722048,94.23,3.23,8.14,Vaccination,13441,Yes,79.19,727,3.91,2760,53.3,Bacterial,OK,Medium,High Risk,0,
South Africa,2023,Zika,Cardiovascular,1.52,8.17,7.03,61,60,Female,582088,94.39,1.04,4.3,Vaccination,31481,No,57.19,4373,6.06,83659,71.72,Viral,OK,High,High Risk,0,
Mexico,2016,Hepatitis,Respiratory,5.19,13.83,5.67,36,60,Male,301969,53.03,3,2.01,Surgery,39372,Yes,77.88,973,3.67,96168,75.37,Viral,OK,High,High Risk,0,
Italy,2006,Tuberculosis,Viral,19.45,2.32,5.12,61,60,Other,484776,70.64,2.02,9.99,Medication,21961,Yes,75.57,1524,1.1,20462,59.8, Bacterial,OK,Medium,High Risk,0,
Usa,2007,Covid-19,Autoimmune,0.71,8.43,8.33,36,60,Female,361093,94.36,4.06,9.99,Surgery,38614,Yes,97.64,49,5.42,75876,89.7,Viral,OK,High,High Risk,0,
Usa,2010,Measles,Respiratory,11.75,1.11,4.72,36,60,Other,376415,95.86,0.91,5.05,Therapy,28700,Yes,91.99,1621,9,34795,33.16,Viral,OK,High,Low Risk,0,
Saudi Arabia,2008,Cholera,Parasitic,19.73,5.72,1.67,61,60,Female,59175,62,1.28,8.71,Therapy,6862,Yes,74.59,210,2.04,57366,59.72,Bacterial,OK,Low,Low Risk,0,
China,2011,Covid-19,Neurological,12.83,9.95,7.04,19,35,Other,827604,56.31,4.7,3.87,Surgery,42511,No,89.74,890,9.06,75179,82.58,Viral,OK,High,High Risk,0,
Canada,2014,Influenza,Chronic,10.42,3.62,5.96,36,60,Other,659144,89.82,1.38,8.14,Vaccination,38262,No,97.61,1752,2.87,98054,73.6,Viral,OK,High,High Risk,0,
Usa,2021,Ebola,Bacterial,0.42,1.58,7.45,36,60,Other,511296,84.07,2.07,6.42,Therapy,7716,No,95.79,4669,0.29,42880,73.91,Viral,OK,Low,High Risk,0,
Russia,2009,Dengue,Genetic,3.82,5.91,6.13,36,60,Female,991599,93.08,0.62,8.2,Therapy,21106,No,56.65,1023,9.05,97493,76.31,Viral,OK,Medium,High Risk,0,
Russia,2011,Dengue,Neurological,1.33,1.18,0.52,36,60,Male,241942,93.66,3.25,7.51,Medication,44683,No,74.1,3066,1.82,11156,71.14,Viral,OK,High,Low Risk,0,
Italy,2021,Alzheimer'S Disease,Bacterial,15.42,13.7,6.65,0,18,Other,322062,87.91,4.63,5.53,Vaccination,2323,No,96.96,974,0.98,19666,80.55,Neurological,OK,Low,High Risk,0,
Germany,2007,Tuberculosis,Infectious,18.68,4.82,2.46,19,35,Male,882446,87.79,2.19,7.8,Therapy,19849,No,54.24,3762,2.3,40785,47.34, Bacterial,OK,Medium,Low Risk,0,
Brazil,2007,Hypertension,Parasitic,10.46,14.96,1.87,19,35,Female,252914,72.92,4.98,5.34,Vaccination,48724,No,65.24,3945,3.82,37833,30.68,Cardiovascular,OK,High,Low Risk,0,
Nigeria,2004,Rabies,Respiratory,4.86,2.72,9.34,36,60,Other,507614,50.51,1.42,2.1,Medication,15563,No,52.76,4505,4.99,44130,61.05,Viral,OK,Medium,High Risk,0,
Indonesia,2024,Parkinson'S Disease,Bacterial,3.25,11.43,5.69,36,60,Female,938134,62.27,2.21,7.15,Surgery,11287,No,79.92,1666,6.19,19390,57.63,Neurological,OK,Medium,High Risk,0,
Russia,2012,Cancer,Viral,11.46,13.96,0.32,61,60,Male,3062,98.41,1.15,2.29,Therapy,1713,Yes,69.84,4045,3.51,88910,60.81,Chronic,OK,Low,Low Risk,0,
South Korea,2011,Cancer,Respiratory,11.26,8.88,3.97,0,18,Male,634981,91.16,2.57,3.2,Therapy,8014,No,58.44,4669,3.76,90693,78.26,Chronic,OK,Low,Low Risk,0,
Mexico,2009,Hepatitis,Genetic,14.24,0.87,0.4,61,60,Female,994017,54.9,3.44,1.35,Therapy,25682,No,54.34,988,3.11,22745,71.14,Viral,OK,High,Low Risk,0,
South Africa,2001,Diabetes,Chronic,14.3,13.71,2.03,19,35,Male,699578,69.12,1.8,1.77,Therapy,1601,No,78.96,2571,5.27,90761,59.06,Metabolic,OK,Low,Low Risk,0,
Argentina,2004,Hypertension,Neurological,2.47,11.18,1.36,36,60,Female,47600,64.69,2.95,3.24,Therapy,29676,No,50.11,2780,6.08,52760,34.47,Cardiovascular,OK,High,Low Risk,0,
South Africa,2003,Parkinson'S Disease,Parasitic,10.76,3.83,2.15,19,35,Female,395804,93.2,2,9.69,Vaccination,17781,Yes,97.23,1772,3.97,59041,80.72,Neurological,OK,Medium,Low Risk,0,
Japan,2013,Diabetes,Autoimmune,2.33,7.71,5.91,19,35,Other,502051,67.23,1.24,1.76,Therapy,25684,No,97.47,2090,5.75,31715,22.82,Metabolic,OK,High,High Risk,0,
Brazil,2018,Ebola,Cardiovascular,4.43,4.98,3.61,61,60,Female,983107,80.5,4.74,4.13,Medication,21201,Yes,81.41,2381,9.64,40643,50.42,Viral,OK,Medium,Low Risk,0,
Saudi Arabia,2021,Rabies,Metabolic,9.16,3.33,0.69,0,18,Female,922485,66.31,4.04,4.64,Therapy,20394,Yes,77.17,2572,3.13,26387,40.57,Viral,OK,Medium,Low Risk,0,
Usa,2020,Cholera,Metabolic,1.79,6.89,6.44,19,35,Female,804321,75.87,2.88,4.41,Vaccination,49936,No,55.23,4819,9.8,35748,38.94,Bacterial,OK,High,High Risk,0,
South Africa,2002,Ebola,Bacterial,12.54,10.98,5.78,61,60,Male,701376,61.71,2.88,3,Medication,36242,Yes,94.79,390,1.05,28321,69.45,Viral,OK,High,High Risk,0,
Germany,2003,Diabetes,Parasitic,16.37,9.52,5.02,19,35,Male,434862,72.61,2.05,6.07,Medication,14388,Yes,63.81,4532,3.28,60269,23.84,Metabolic,OK,Medium,High Risk,0,
Indonesia,2008,Hepatitis,Metabolic,6.56,9.01,9.77,61,60,Female,39391,51.9,1.09,4.65,Surgery,23946,Yes,88.45,4871,1.79,29920,25.91,Viral,OK,Medium,High Risk,0,
South Korea,2003,Rabies,Infectious,13.55,2.97,7.24,0,18,Female,511324,91.57,1.59,2.02,Surgery,41910,Yes,93.6,1838,4.42,28572,65.96,Viral,OK,High,High Risk,0,
Nigeria,2016,Polio,Viral,14.8,7.17,9.15,19,35,Female,196004,99.57,1.12,9.87,Therapy,34962,Yes,98.95,4816,2.74,82456,54.15,Viral,OK,High,High Risk,0,
Italy,2023,Cancer,Genetic,5.83,12.81,5.14,0,18,Female,124710,85.81,3.09,7.69,Therapy,31135,No,83.75,526,2.41,78055,20.84,Chronic,OK,High,High Risk,0,
Argentina,2000,Influenza,Autoimmune,19.42,10.09,5.62,0,18,Other,215789,61.25,1.13,4.77,Therapy,24943,No,73.44,4683,2.08,27129,46.02,Viral,OK,Medium,High Risk,0,
Saudi Arabia,2018,Parkinson'S Disease,Respiratory,19.61,0.72,2.37,0,18,Male,809469,98.63,0.97,9,Therapy,15422,No,79.1,2240,1.4,31263,86.95,Neurological,OK,Medium,Low Risk,0,
India,2005,Parkinson'S Disease,Viral,11.67,1.93,3.11,61,60,Other,996897,66.03,4.71,3.73,Therapy,23340,No,68.61,1329,4.84,55850,20.32,Neurological,OK,Medium,Low Risk,0,
China,2012,Malaria,Genetic,7,13.32,5.71,61,60,Female,532759,93.8,4.2,5.03,Surgery,17360,Yes,68.89,4481,7.88,12471,29.95,Parasitic,OK,Medium,High Risk,0,
South Korea,2020,Covid-19,Chronic,0.63,10.51,0.87,61,60,Female,425518,88.83,4.97,2.44,Therapy,19807,Yes,60.1,1273,8.31,88721,36.46,Viral,OK,Medium,Low Risk,0,
Canada,2018,Malaria,Chronic,16.42,3.41,7.48,36,60,Female,955473,53.11,0.75,8.38,Therapy,37492,No,51.76,863,4.72,97769,41.66,Parasitic,OK,High,High Risk,0,
Argentina,2001,Hepatitis,Chronic,7.29,12.24,9.06,36,60,Other,454403,52.94,4.61,8.64,Therapy,40857,Yes,95.45,4306,7.66,72634,84.56,Viral,OK,High,High Risk,0,
Nigeria,2013,Hiv/Aids,Neurological,19.32,13.5,0.95,61,60,Female,920304,56.47,2.53,9.25,Surgery,22921,Yes,57.05,4551,6.95,95227,88.93,Viral,OK,Medium,Low Risk,0,
Russia,2004,Influenza,Parasitic,16.45,14.12,9.94,0,18,Other,617098,66.42,4.5,3.14,Vaccination,16448,No,50.51,2098,4.72,7469,82.39,Viral,OK,Medium,High Risk,0,
Nigeria,2017,Influenza,Bacterial,12.6,7.49,0.96,36,60,Male,34605,64.13,3.02,7.35,Surgery,9459,No,78.11,2419,3.11,41049,61.69,Viral,OK,Low,Low Risk,0,
Usa,2009,Tuberculosis,Genetic,3.55,5.72,7.65,0,18,Male,641109,51.35,3.57,3.69,Medication,6566,No,88.18,4298,0.39,3170,43.77, Bacterial,OK,Low,High Risk,0,
Brazil,2002,Influenza,Genetic,6.51,10.93,3.46,0,18,Female,202916,92.32,0.77,8.9,Vaccination,40197,Yes,74.01,4735,4.06,60016,84.74,Viral,OK,High,Low Risk,0,
France,2001,Dengue,Chronic,1.4,4.26,1.63,0,18,Female,624943,87.79,3.32,9.31,Vaccination,8812,No,95.66,316,0.35,3480,53.88,Viral,OK,Low,Low Risk,0,
Brazil,2010,Cholera,Metabolic,6.41,11.32,0.99,61,60,Female,998728,87.33,1.61,8.55,Vaccination,42621,Yes,74.38,2444,9.97,14627,26.62,Bacterial,OK,High,Low Risk,0,
Canada,2004,Cholera,Cardiovascular,7.15,5.48,9.83,19,35,Female,624680,51.79,3.48,1.78,Therapy,47925,Yes,89.98,2581,7.26,66019,88.23,Bacterial,OK,High,High Risk,0,
China,2020,Alzheimer'S Disease,Viral,2.94,10.78,4.42,0,18,Male,434445,93.03,1.52,3.83,Vaccination,14592,Yes,76.11,3700,9.22,27910,39.78,Neurological,OK,Medium,Low Risk,0,
Brazil,2017,Tuberculosis,Bacterial,7.17,4.44,1.22,19,35,Other,232007,61.97,3.44,8.77,Surgery,9964,Yes,54.53,568,9.59,52816,56.69, Bacterial,OK,Low,Low Risk,0,
Usa,2000,Polio,Metabolic,7.11,6.3,9.61,19,35,Other,307942,92.51,1.36,4.1,Surgery,31355,No,53.71,4010,2.38,41287,62.77,Viral,OK,High,High Risk,0,
Russia,2005,Ebola,Genetic,12.47,9.57,0.95,36,60,Male,8950,95.35,3.79,6.12,Medication,32936,Yes,77.42,518,4.82,91783,34.14,Viral,OK,High,Low Risk,0,
China,2020,Alzheimer'S Disease,Metabolic,7.18,1.17,1.31,0,18,Male,66209,53.42,3.85,4.9,Medication,21755,No,89.87,2715,8.35,29295,32.37,Neurological,OK,Medium,Low Risk,0,
South Africa,2021,Parkinson'S Disease,Genetic,3.02,2.83,5.52,0,18,Male,541943,69.57,1.78,4.39,Therapy,11794,Yes,82.42,4468,2.26,82604,55.97,Neurological,OK,Medium,High Risk,0,
Indonesia,2015,Measles,Neurological,14.3,5.89,3.26,19,35,Male,882494,53.38,0.76,3.62,Medication,4704,No,82.57,947,7.39,77083,48.31,Viral,OK,Low,Low Risk,0,
Brazil,2004,Polio,Parasitic,16.53,14.5,8.91,19,35,Other,861609,88.6,0.51,8.9,Medication,15826,Yes,98.38,2680,5.48,3938,47.3,Viral,OK,Medium,High Risk,0,
Turkey,2006,Covid-19,Cardiovascular,19.79,7.23,9.08,36,60,Female,470008,94.92,4.96,6.8,Surgery,43965,Yes,85.53,2845,1.09,36478,41.14,Viral,OK,High,High Risk,0,
Mexico,2011,Leprosy,Chronic,16.65,0.47,3.14,61,60,Other,969945,67.63,3.75,4.55,Surgery,36633,Yes,97,4451,5.48,94309,84.12,Bacterial,OK,High,Low Risk,0,
Argentina,2021,Ebola,Viral,9.45,11.5,5.27,0,18,Other,547603,71.57,4.73,6.4,Medication,49493,No,86.25,2783,8.63,90504,34.91,Viral,OK,High,High Risk,0,
Saudi Arabia,2022,Cancer,Viral,11.87,13.66,6.55,19,35,Male,312950,67.76,3.14,5.19,Medication,2505,Yes,84.2,151,4.02,11923,68.48,Chronic,OK,Low,High Risk,0,
Nigeria,2004,Asthma,Bacterial,11.71,6.4,5.63,61,60,Other,36402,86.05,4.49,6.98,Vaccination,5529,Yes,59.31,1775,7.39,68854,66.24,Respiratory,OK,Low,High Risk,0,
Russia,2021,Dengue,Genetic,11.73,0.18,2.66,36,60,Male,85382,50.81,2.52,1.89,Surgery,49372,Yes,66.31,1412,7.07,19380,78.73,Viral,OK,High,Low Risk,0,
Japan,2007,Tuberculosis,Genetic,1.23,1.92,1.28,0,18,Female,903936,56.08,0.65,5.13,Therapy,26833,No,51.72,799,2.99,86743,81.79, Bacterial,OK,High,Low Risk,0,
Saudi Arabia,2021,Hepatitis,Respiratory,16.17,8.91,4.58,61,60,Female,948481,81.87,1.33,0.74,Surgery,42823,No,98.76,1136,2.59,31966,82,Viral,OK,High,Low Risk,0,
Mexico,2019,Rabies,Metabolic,2.11,6,4.28,19,35,Female,169115,64.29,4.27,6.69,Medication,46650,No,89.74,2800,6.49,58401,62.01,Viral,OK,High,Low Risk,0,
France,2014,Dengue,Genetic,4.37,10.36,1.63,19,35,Other,221470,82.71,0.89,2.29,Therapy,43088,No,91.43,153,4.61,20938,43.01,Viral,OK,High,Low Risk,0,
Usa,2013,Influenza,Bacterial,13.26,9.48,5.63,36,60,Other,776469,88.07,2.49,2.53,Medication,49441,Yes,76.81,1554,4.61,92519,88.93,Viral,OK,High,High Risk,0,
Uk,2015,Dengue,Bacterial,7.42,10.64,6.19,61,60,Other,642560,50.51,4.24,4.56,Therapy,36131,Yes,61.01,4846,4.8,53927,25.49,Viral,OK,High,High Risk,0,
Uk,2000,Zika,Neurological,10.98,1.33,5.07,36,60,Other,320551,54.32,0.56,5.47,Medication,8589,No,68.98,4360,2.1,98356,39.71,Viral,OK,Low,High Risk,0,
Russia,2021,Influenza,Parasitic,0.24,0.29,6.53,61,60,Female,921260,97.06,3.54,2.32,Therapy,8378,No,97,76,5.23,39382,69.76,Viral,OK,Low,High Risk,0,
Indonesia,2016,Dengue,Parasitic,8.64,10.33,6.66,0,18,Other,356686,86.75,4.46,2.21,Surgery,39721,No,97.14,4139,4.88,70630,52.7,Viral,OK,High,High Risk,0,
Russia,2023,Rabies,Infectious,3.32,5.61,9.22,61,60,Male,749645,84.09,2.94,3.18,Surgery,41521,Yes,51.52,479,0.64,82928,21.69,Viral,OK,High,High Risk,0,
France,2003,Hepatitis,Viral,15.02,5.33,2.28,19,35,Male,135476,81.26,2.04,3.09,Vaccination,19787,No,52.1,2213,0.73,81274,40.39,Viral,OK,Medium,Low Risk,0,
China,2014,Tuberculosis,Parasitic,7.88,0.97,9.04,0,18,Other,386848,82.38,0.67,1.86,Therapy,13580,No,65.62,1501,8.78,24578,30.45, Bacterial,OK,Medium,High Risk,0,
Canada,2007,Cholera,Autoimmune,10.16,10.26,5.2,0,18,Female,979011,87.46,1.88,1.17,Medication,45015,No,68.34,2109,2.15,1258,29.33,Bacterial,OK,High,High Risk,0,
Mexico,2008,Covid-19,Metabolic,7.32,11.43,9.81,0,18,Male,540945,86.8,4.98,6.12,Surgery,5410,Yes,82.4,242,9.83,50840,86.99,Viral,OK,Low,High Risk,0,
Uk,2011,Leprosy,Respiratory,15.32,3.9,5.99,0,18,Male,489434,50.35,4.83,1.44,Medication,30297,Yes,83.7,3849,1.79,23087,88.84,Bacterial,OK,High,High Risk,0,
Germany,2021,Hiv/Aids,Parasitic,1.08,8.36,6.87,61,60,Other,555142,85.3,1.9,8.01,Therapy,28326,No,89.12,3401,0.18,51588,75.51,Viral,OK,High,High Risk,0,
Canada,2007,Diabetes,Neurological,19.43,12.51,6.25,36,60,Male,170799,85.9,4.92,3.34,Surgery,23036,Yes,76.33,113,2.15,45132,84.37,Metabolic,OK,Medium,High Risk,0,
Mexico,2022,Zika,Metabolic,16.53,7,7.05,36,60,Other,721347,57.58,3.24,6.27,Medication,49314,Yes,60,3882,9.17,46320,59.51,Viral,OK,High,High Risk,0,
India,2001,Polio,Neurological,18.4,14.58,0.96,36,60,Other,925118,92.31,4.02,3.36,Surgery,32446,No,64,1631,7.22,87336,62.78,Viral,OK,High,Low Risk,0,
Brazil,2024,Polio,Parasitic,1.02,0.24,7.13,0,18,Other,628587,97.59,4.77,5.25,Therapy,19208,No,91.11,488,4.75,9776,60.05,Viral,OK,Medium,High Risk,0,
Japan,2001,Hepatitis,Parasitic,1.98,14.12,4.22,0,18,Male,720213,88.25,3.24,3.98,Vaccination,6000,No,83.72,4904,6.51,66184,84.01,Viral,OK,Low,Low Risk,0,
Saudi Arabia,2006,Parkinson'S Disease,Metabolic,0.15,4.42,8.93,0,18,Male,655055,52.47,3.27,2.18,Medication,9233,Yes,52.06,4334,8.72,30810,34.74,Neurological,OK,Low,High Risk,0,
Japan,2022,Alzheimer'S Disease,Cardiovascular,17.17,6.87,3.9,19,35,Male,826557,65.22,0.8,4.68,Vaccination,46984,Yes,57.52,4006,6.33,33944,40.1,Neurological,OK,High,Low Risk,0,
South Korea,2019,Leprosy,Autoimmune,3.47,13.25,7.3,19,35,Other,146665,78.53,3.34,0.62,Therapy,15036,No,60.69,783,8.01,88195,89.33,Bacterial,OK,Medium,High Risk,0,
Brazil,2015,Measles,Chronic,17.43,9.2,8.86,61,60,Other,293863,92.93,1.13,7.8,Therapy,26978,Yes,96.1,1667,5.29,56945,78.18,Viral,OK,High,High Risk,0,
Turkey,2004,Ebola,Metabolic,5.33,3.43,3.67,0,18,Male,134166,96.31,1.29,2.5,Surgery,2282,No,68.6,4096,5.95,35286,86.68,Viral,OK,Low,Low Risk,0,
Italy,2012,Covid-19,Cardiovascular,19.87,1.63,2.47,19,35,Other,739651,96.43,3.34,4.82,Medication,44551,Yes,84.45,4970,9.57,43455,43.39,Viral,OK,High,Low Risk,0,
Indonesia,2008,Hepatitis,Neurological,14.88,6.31,0.22,36,60,Other,819053,51.88,3.3,6.92,Medication,4747,Yes,55.32,978,0.14,33382,42.02,Viral,OK,Low,Low Risk,0,
Australia,2003,Ebola,Bacterial,1.96,9.44,4.63,19,35,Female,709402,74.43,2.33,7.4,Vaccination,43102,No,87.56,3132,4.21,81196,21.82,Viral,OK,High,Low Risk,0,
Australia,2009,Malaria,Metabolic,17.56,7.96,2.58,19,35,Male,162826,93.3,3.81,7.97,Surgery,37812,Yes,85.33,1919,4.57,93722,40.92,Parasitic,OK,High,Low Risk,0,
Australia,2009,Measles,Viral,2.18,14.82,1.26,61,60,Female,808173,74.3,3.35,3.35,Medication,49310,Yes,73.96,2258,2.8,81125,74.72,Viral,OK,High,Low Risk,0,
Japan,2014,Measles,Viral,13.87,11.05,3.19,36,60,Other,161634,93.78,2.73,3.58,Therapy,6980,No,64.28,3491,3.32,45059,32.07,Viral,OK,Low,Low Risk,0,
Russia,2008,Ebola,Chronic,5.63,0.76,4.02,0,18,Male,978978,51.89,3.45,6.66,Medication,1559,Yes,88.86,2463,9.84,84750,28.97,Viral,OK,Low,Low Risk,0,
Japan,2007,Hiv/Aids,Autoimmune,11.68,12.42,2.71,61,60,Other,532065,83.5,3.94,6.96,Vaccination,24588,No,76.64,114,3.46,93411,66.21,Viral,OK,Medium,Low Risk,0,
Mexico,2014,Cancer,Metabolic,16.87,6.57,8.16,19,35,Other,59421,92.85,3.75,3.33,Medication,40432,Yes,59.24,22,7.19,88929,33.42,Chronic,OK,High,High Risk,0,
Australia,2015,Hiv/Aids,Infectious,3.46,5.98,7.23,19,35,Other,958022,66.13,2.35,2.26,Medication,32105,Yes,64.68,1024,2.99,45906,22.29,Viral,OK,High,High Risk,0,
Canada,2006,Hiv/Aids,Chronic,12.6,3.37,7.88,0,18,Female,840372,94.38,0.82,4.76,Medication,47664,Yes,76.01,1165,5.67,5849,57.49,Viral,OK,High,High Risk,0,
Brazil,2006,Ebola,Parasitic,7.76,13.43,8.15,36,60,Male,715887,78.58,3.28,8.36,Medication,41164,No,54.34,2847,5.72,22700,40.65,Viral,OK,High,High Risk,0,
China,2009,Leprosy,Neurological,18.58,11.13,3.4,61,60,Female,543861,86.07,3.04,9.1,Medication,14671,Yes,86.21,4807,8.45,91607,81.46,Bacterial,OK,Medium,Low Risk,0,
Canada,2004,Zika,Chronic,8.5,13.84,4.81,0,18,Female,933501,80.65,2.12,9.21,Therapy,30755,Yes,86.67,4558,3.69,88317,63.4,Viral,OK,High,Low Risk,0,
Italy,2020,Dengue,Cardiovascular,17.95,2.64,6.13,19,35,Female,264557,98.62,2.65,8.42,Vaccination,8203,No,55.27,1025,1.15,73360,50.93,Viral,OK,Low,High Risk,0,
Russia,2024,Malaria,Metabolic,0.21,10.34,1.96,0,18,Other,263477,98.49,2.27,2.66,Surgery,14088,No,52.76,1705,3.13,43233,75.08,Parasitic,OK,Medium,Low Risk,0,
Italy,2019,Hiv/Aids,Parasitic,11.64,13.98,8.08,61,60,Male,16688,89.16,3.11,6.79,Surgery,21699,No,58.4,3413,0.98,30250,26.62,Viral,OK,Medium,High Risk,0,
South Africa,2021,Cancer,Neurological,16.89,2.28,8.52,19,35,Male,761302,50.41,1.98,2.06,Therapy,38765,Yes,54.03,3597,6.97,49689,25.4,Chronic,OK,High,High Risk,0,
Germany,2010,Covid-19,Chronic,0.32,5.83,2.61,61,60,Male,601459,80.56,3.48,1.61,Surgery,25446,No,55.96,2808,6.06,48806,42.76,Viral,OK,High,Low Risk,0,
Australia,2023,Hiv/Aids,Infectious,14.77,14.26,7.36,19,35,Male,457592,53.44,4.08,7.45,Surgery,34511,No,67.64,2816,0.41,57776,77.74,Viral,OK,High,High Risk,0,
Indonesia,2000,Alzheimer'S Disease,Autoimmune,6.46,14.2,6.62,0,18,Other,140944,90.68,2.16,1.07,Vaccination,28745,No,74.59,445,3.68,41555,54.22,Neurological,OK,High,High Risk,0,
Italy,2000,Malaria,Parasitic,10.62,1.03,0.65,0,18,Male,289468,99.04,0.55,8.24,Vaccination,14646,Yes,75.55,2624,1.36,982,50.53,Parasitic,OK,Medium,Low Risk,0,
Mexico,2012,Leprosy,Respiratory,10.43,6.54,7.51,0,18,Other,660978,52.33,1.16,6.09,Medication,27828,No,95.3,4792,8.89,66525,30.04,Bacterial,OK,High,High Risk,0,
Usa,2023,Polio,Infectious,10.51,6.11,4.55,61,60,Female,670291,81.84,4.62,2.27,Vaccination,2143,Yes,75.99,2624,3.24,78524,36.5,Viral,OK,Low,Low Risk,0,
Saudi Arabia,2008,Ebola,Genetic,16.31,13.15,9.56,61,60,Other,116187,67.35,2.96,8.81,Medication,45146,Yes,82,819,6.48,14628,68.48,Viral,OK,High,High Risk,0,
Indonesia,2010,Asthma,Autoimmune,7.13,10.64,5.9,36,60,Male,986630,52.67,3.17,5.21,Vaccination,2529,No,57.08,4280,4.77,61877,58.61,Respiratory,OK,Low,High Risk,0,
Japan,2001,Cancer,Cardiovascular,4.81,13.17,8.72,61,60,Other,987406,62.77,0.91,1.46,Medication,39478,Yes,75.3,564,3.19,75384,69.3,Chronic,OK,High,High Risk,0,
China,2000,Malaria,Chronic,7.34,2.3,2.86,61,60,Female,529219,61.66,2.64,5.28,Vaccination,15446,No,80.88,4251,4.11,53210,88.8,Parasitic,OK,Medium,Low Risk,0,
Nigeria,2022,Hiv/Aids,Neurological,7.91,9.36,7.1,36,60,Male,735231,95.92,4.88,1.47,Therapy,17082,No,59.1,4089,4.05,70375,28.78,Viral,OK,Medium,High Risk,0,
India,2021,Tuberculosis,Metabolic,13.53,2.3,1.07,19,35,Male,12497,76.57,3.1,3.83,Vaccination,17755,Yes,77.05,3425,6.21,7484,70.28, Bacterial,OK,Medium,Low Risk,0,
Nigeria,2022,Polio,Genetic,3.1,6.03,1.57,19,35,Other,485287,63.98,0.92,1.45,Vaccination,8073,Yes,88.13,4676,1.54,38153,79.87,Viral,OK,Low,Low Risk,0,
China,2023,Parkinson'S Disease,Metabolic,1.63,11.94,9.35,0,18,Female,820933,70.51,4.92,3.36,Surgery,43703,Yes,60.97,779,6.29,64087,21.24,Neurological,OK,High,High Risk,0,
France,2008,Dengue,Respiratory,10.72,12.28,7.43,19,35,Male,346244,70.45,4.91,6.46,Therapy,1949,Yes,93.43,533,2.27,35500,28.31,Viral,OK,Low,High Risk,0,
Argentina,2009,Cancer,Viral,8.94,2.95,5.93,0,18,Male,598804,82.16,3.93,7.02,Therapy,1965,Yes,83.56,1296,2.13,25549,87.77,Chronic,OK,Low,High Risk,0,
Russia,2023,Asthma,Infectious,6.3,3.88,1.58,36,60,Male,986205,65.37,4.26,9.33,Therapy,23401,No,65.09,41,1,49883,79.76,Respiratory,OK,Medium,Low Risk,0,
Argentina,2007,Measles,Viral,4.54,2.9,3.63,36,60,Female,151650,72.93,4.79,4.09,Medication,36923,No,62.44,3516,5.26,64209,71.55,Viral,OK,High,Low Risk,0,
Australia,2018,Measles,Respiratory,19.08,11.96,8.74,0,18,Male,581212,65.54,0.59,3.96,Surgery,26980,Yes,60.68,1482,1.19,27903,24.4,Viral,OK,High,High Risk,0,
Nigeria,2010,Ebola,Genetic,9.17,7.35,0.9,36,60,Male,667904,77.26,2.86,9.75,Surgery,33733,No,65,4317,7.29,5023,59.44,Viral,OK,High,Low Risk,0,
China,2017,Alzheimer'S Disease,Viral,3.52,5.49,2.83,36,60,Other,568755,86.56,3.54,4.76,Therapy,45985,Yes,96.65,4494,9.87,97358,70.2,Neurological,OK,High,Low Risk,0,
Germany,2013,Hepatitis,Viral,19.02,0.23,7.96,0,18,Male,642247,93.19,4.01,1.26,Medication,41931,No,81.35,2263,6.37,90364,86.59,Viral,OK,High,High Risk,0,
Brazil,2016,Cancer,Chronic,15.92,12.8,4.39,0,18,Other,532124,72.16,4.87,9.51,Medication,25310,No,66.56,4789,0.34,34235,89.97,Chronic,OK,High,Low Risk,0,
Argentina,2019,Polio,Chronic,6.78,2.86,1.98,0,18,Other,407762,57.43,2.79,8.17,Medication,16508,No,64.51,2926,8.08,22392,34.67,Viral,OK,Medium,Low Risk,0,
Uk,2003,Rabies,Bacterial,4.9,1.15,2.93,0,18,Female,318796,61.85,1.56,1.96,Surgery,23629,Yes,79.53,2513,5.31,44005,72.11,Viral,OK,Medium,Low Risk,0,
Italy,2010,Covid-19,Cardiovascular,17.22,8.78,9.1,0,18,Female,542026,52.7,4.15,2.42,Surgery,4459,Yes,81.48,137,5.25,32184,69.79,Viral,OK,Low,High Risk,0,
China,2023,Hepatitis,Cardiovascular,6.98,6.04,4.71,0,18,Other,624879,82.13,2.89,8.16,Vaccination,31902,No,62.5,4578,6.31,19271,61.01,Viral,OK,High,Low Risk,0,
Russia,2018,Hypertension,Respiratory,0.21,3.51,5.3,36,60,Female,923561,53.62,3.7,5.3,Therapy,19439,No,77.38,2007,6.78,61038,71.89,Cardiovascular,OK,Medium,High Risk,0,
Nigeria,2022,Rabies,Autoimmune,16.84,14.01,9.32,19,35,Male,355034,98.87,4.54,5.46,Therapy,40931,Yes,87.21,874,8.64,35206,26.88,Viral,OK,High,High Risk,0,
Saudi Arabia,2011,Hepatitis,Chronic,9.42,14.4,5.38,61,60,Female,362984,97.59,0.57,4.38,Therapy,39783,Yes,98.41,1709,8.25,57771,25.61,Viral,OK,High,High Risk,0,
Argentina,2013,Diabetes,Parasitic,18.99,11.28,1.3,19,35,Female,211440,52.36,4.74,3.08,Surgery,14725,No,81.76,2101,5.57,77834,31.62,Metabolic,OK,Medium,Low Risk,0,
Russia,2024,Influenza,Autoimmune,5.14,2.44,6.54,61,60,Other,847872,87.65,3.36,9.65,Vaccination,40348,No,87,2814,9.8,86514,77.53,Viral,OK,High,High Risk,0,
Nigeria,2003,Leprosy,Respiratory,15.19,8.92,4.49,19,35,Other,85854,86.28,2.5,8.81,Vaccination,30463,Yes,54.34,3117,1.34,46150,82.65,Bacterial,OK,High,Low Risk,0,
Turkey,2002,Leprosy,Chronic,12.39,11.03,6.79,36,60,Other,692357,70.56,4.74,6.7,Vaccination,2043,Yes,57.79,2544,3.43,79056,33.63,Bacterial,OK,Low,High Risk,0,
Turkey,2022,Hypertension,Parasitic,7.82,0.38,4.99,61,60,Other,464661,98.18,3.13,7.7,Surgery,25003,Yes,50.65,963,3.15,42456,58.32,Cardiovascular,OK,High,Low Risk,0,
Indonesia,2015,Ebola,Chronic,16.46,10.26,4.35,61,60,Other,356280,62.24,2,9.74,Medication,14647,Yes,54.49,363,9.26,3168,87.74,Viral,OK,Medium,Low Risk,0,
China,2013,Rabies,Autoimmune,14.81,14.94,6.28,0,18,Male,610333,70.82,0.7,2.18,Vaccination,2766,No,54.34,437,3.15,8419,84.7,Viral,OK,Low,High Risk,0,
France,2023,Tuberculosis,Infectious,14.06,11.26,1.97,36,60,Male,108764,94.47,4.85,1.73,Medication,15698,No,77.86,1887,0.11,53712,60.19, Bacterial,OK,Medium,Low Risk,0,
Japan,2011,Hiv/Aids,Genetic,0.67,14.63,2.55,36,60,Male,133769,82.3,4.98,1.04,Surgery,35639,No,96.41,1673,5.83,56252,65.73,Viral,OK,High,Low Risk,0,
Argentina,2002,Parkinson'S Disease,Autoimmune,19.28,6.36,2.43,36,60,Female,993635,89.01,0.79,2.3,Medication,37327,Yes,61.31,737,9.62,31315,72.03,Neurological,OK,High,Low Risk,0,
South Korea,2021,Asthma,Infectious,19.93,2.45,7.88,36,60,Other,753333,88.73,2.3,7.87,Surgery,44533,No,56.1,2684,5.33,95781,82.67,Respiratory,OK,High,High Risk,0,
Mexico,2012,Cancer,Cardiovascular,0.35,4.84,1.48,61,60,Female,815033,99.05,2.52,7.07,Vaccination,10946,No,71.51,211,0.84,65584,46.28,Chronic,OK,Medium,Low Risk,0,
Turkey,2013,Diabetes,Autoimmune,1.09,10.39,8.03,19,35,Female,805859,52.41,1.11,8.81,Vaccination,35711,No,89.4,493,3.1,55824,31.91,Metabolic,OK,High,High Risk,0,
South Korea,2019,Dengue,Parasitic,18.07,2.72,6.92,61,60,Female,75697,84.79,4.94,1.81,Surgery,40484,Yes,75.33,2965,9.96,37158,60.78,Viral,OK,High,High Risk,0,
Uk,2014,Alzheimer'S Disease,Respiratory,10.09,10.16,3.89,19,35,Female,950038,76.79,3.16,4.52,Vaccination,46657,Yes,70.64,4929,1.93,93646,27.79,Neurological,OK,High,Low Risk,0,
Canada,2012,Zika,Bacterial,13,6.86,0.42,36,60,Male,849445,71.39,2.77,6.41,Vaccination,46534,No,69.96,3717,3.41,53717,79.52,Viral,OK,High,Low Risk,0,
Argentina,2009,Covid-19,Metabolic,6.43,14.05,4.35,36,60,Male,87285,85.52,1.31,2.04,Vaccination,32483,No,56.85,1919,1.6,48389,37.43,Viral,OK,High,Low Risk,0,
Saudi Arabia,2013,Diabetes,Autoimmune,3.76,9.94,7.64,36,60,Other,66516,69.04,0.86,6.82,Vaccination,32086,No,88.82,1537,8.59,34810,23.06,Metabolic,OK,High,High Risk,0,
Nigeria,2011,Parkinson'S Disease,Metabolic,4.77,9.76,4.34,61,60,Male,615899,68.29,2.75,5.96,Surgery,15797,No,73.9,1445,5.41,8427,80.46,Neurological,OK,Medium,Low Risk,0,
Saudi Arabia,2015,Parkinson'S Disease,Neurological,14.99,8.18,4.48,0,18,Male,109045,85.74,2.89,5.31,Medication,41696,Yes,80.93,2969,1.42,46209,36.1,Neurological,OK,High,Low Risk,0,
Brazil,2019,Influenza,Autoimmune,1.71,2.55,8.21,36,60,Other,556011,99.56,0.54,5.44,Therapy,44782,No,79.39,997,1.51,83358,41.08,Viral,OK,High,High Risk,0,
Turkey,2000,Zika,Respiratory,7.3,6.43,9.1,0,18,Female,240456,67.46,4.38,5.07,Medication,2034,No,52.45,2077,8.39,40381,87.62,Viral,OK,Low,High Risk,0,
Argentina,2013,Rabies,Viral,9.67,6.03,3.6,36,60,Male,946379,73.01,4.72,7.78,Therapy,42808,No,66.46,1347,7.69,22362,39.14,Viral,OK,High,Low Risk,0,
Nigeria,2022,Hypertension,Chronic,10.7,13.52,3.81,36,60,Male,69807,53.61,0.98,2.52,Vaccination,35859,Yes,98.62,4911,6.44,13847,33.1,Cardiovascular,OK,High,Low Risk,0,
Italy,2015,Cancer,Autoimmune,8.77,13.51,5.49,0,18,Female,800148,73.45,3.5,2.27,Medication,18050,Yes,96.96,4717,8.53,26273,52.69,Chronic,OK,Medium,High Risk,0,
South Africa,2004,Asthma,Infectious,12.02,4.28,3.14,19,35,Male,160347,63.27,2.89,2.43,Medication,45908,No,95.67,922,5.32,81241,65.23,Respiratory,OK,High,Low Risk,0,
Japan,2010,Dengue,Parasitic,0.79,10.18,1,36,60,Male,807440,62.47,1.7,8.49,Vaccination,26771,No,73.06,1523,1.55,32712,67.04,Viral,OK,High,Low Risk,0,
South Korea,2000,Cholera,Respiratory,13.58,13.78,9.74,61,60,Other,170019,55.78,2.22,4.42,Surgery,45089,Yes,62.79,4102,1.15,12682,70.44,Bacterial,OK,High,High Risk,0,
Indonesia,2016,Hypertension,Chronic,19.56,12.95,4.41,19,35,Female,202881,75.25,2.87,3.29,Surgery,41751,No,66.66,1188,4.47,61208,35.79,Cardiovascular,OK,High,Low Risk,0,
Brazil,2022,Cancer,Neurological,19.51,4.68,6.78,0,18,Male,277386,95.14,1.57,1.3,Medication,9921,No,69.46,3078,7.88,21863,89.42,Chronic,OK,Low,High Risk,0,
Canada,2009,Ebola,Parasitic,2.55,6.08,7.14,19,35,Other,6835,61.58,4.47,5.32,Medication,44808,No,51.23,1267,9.97,33833,35.16,Viral,OK,High,High Risk,0,
Japan,2016,Rabies,Metabolic,0.35,5.73,6.89,0,18,Other,757237,90.81,1.39,7.55,Vaccination,4338,No,56.95,3700,1.11,17309,58.2,Viral,OK,Low,High Risk,0,
South Korea,2002,Hypertension,Bacterial,7.84,5.73,7.7,19,35,Female,530707,84.97,1.72,1.23,Vaccination,13363,Yes,86.71,408,4.07,38710,77.85,Cardiovascular,OK,Medium,High Risk,0,
Russia,2009,Cholera,Bacterial,6.84,8.19,4.73,36,60,Female,546672,82.22,0.53,6.1,Therapy,25220,No,57.63,2607,5.74,84253,70.8,Bacterial,OK,High,Low Risk,0,
Nigeria,2006,Dengue,Viral,2.49,2.65,0.64,19,35,Female,664120,58.71,1.74,2.4,Surgery,3754,No,72,412,8.03,67620,51.75,Viral,OK,Low,Low Risk,0,
Japan,2018,Parkinson'S Disease,Bacterial,7.68,14.19,4.9,0,18,Other,216202,58.11,2.35,3.14,Vaccination,14783,Yes,66.2,2494,1.77,24227,40.48,Neurological,OK,Medium,Low Risk,0,
Germany,2024,Covid-19,Chronic,11.57,4.37,3.56,0,18,Other,628890,81.68,3.73,0.87,Vaccination,40335,Yes,56.25,2096,3.94,35316,42.4,Viral,OK,High,Low Risk,0,
Russia,2004,Influenza,Neurological,14.37,11.13,4.69,19,35,Other,998956,65.47,4.18,7.48,Medication,7421,Yes,79.42,4150,2.08,38735,21.93,Viral,OK,Low,Low Risk,0,
Argentina,2023,Zika,Metabolic,15.4,5.7,3.92,36,60,Female,102457,80.43,2.42,8.41,Vaccination,33421,No,71.49,1560,7.06,88768,60.73,Viral,OK,High,Low Risk,0,
Turkey,2022,Cancer,Bacterial,8.03,14.96,7.94,0,18,Other,964998,60.11,3.29,5.03,Vaccination,7988,Yes,72.57,182,8.91,66831,51.18,Chronic,OK,Low,High Risk,0,
Uk,2016,Cancer,Bacterial,12.05,7.3,2.3,36,60,Male,186073,84.87,3.77,5.49,Vaccination,21499,Yes,76.48,220,8.58,86535,73.85,Chronic,OK,Medium,Low Risk,0,
Brazil,2020,Influenza,Parasitic,18.96,4.01,2.24,19,35,Male,371662,53.04,3.14,7.51,Surgery,22872,Yes,77.2,4899,4.11,50310,35.67,Viral,OK,Medium,Low Risk,0,
India,2011,Leprosy,Chronic,3.02,9.29,9.63,19,35,Female,350565,58.18,3.3,5.26,Medication,16218,No,93.94,1449,8.71,19291,29.16,Bacterial,OK,Medium,High Risk,0,
Saudi Arabia,2023,Alzheimer'S Disease,Chronic,5.29,6.05,2.15,61,60,Male,445987,77.18,2.92,7.49,Surgery,15481,No,98.22,4145,7.33,73237,29.03,Neurological,OK,Medium,Low Risk,0,
Germany,2010,Leprosy,Genetic,13.34,0.63,2.04,0,18,Female,840202,89.2,4.95,6.23,Vaccination,20644,Yes,69.8,1449,4.56,42784,75.58,Bacterial,OK,Medium,Low Risk,0,
China,2006,Cancer,Metabolic,11.86,13.17,9.65,36,60,Female,996846,51.81,2.83,1.68,Vaccination,37211,No,97.44,2060,8.66,30653,70.49,Chronic,OK,High,High Risk,0,
Turkey,2004,Dengue,Genetic,10.78,10.07,3.49,19,35,Male,117012,73.04,0.62,4.24,Medication,23066,No,94.31,3949,6.7,32631,79.18,Viral,OK,Medium,Low Risk,0,
Argentina,2010,Polio,Autoimmune,19.66,10.35,1.26,61,60,Other,265129,96.06,1.86,1.23,Therapy,4194,No,80.04,4589,4.43,81093,86.06,Viral,OK,Low,Low Risk,0,
Canada,2007,Alzheimer'S Disease,Bacterial,15.92,5.09,1.37,0,18,Female,680804,75.42,3.49,5.11,Vaccination,16801,No,86.18,23,6.68,36111,86.78,Neurological,OK,Medium,Low Risk,0,
China,2016,Zika,Autoimmune,3.54,8.01,2.54,0,18,Female,57972,51.74,1.27,9.29,Vaccination,29029,Yes,98.24,2023,4.33,81521,34.75,Viral,OK,High,Low Risk,0,
South Africa,2007,Alzheimer'S Disease,Parasitic,5.93,14.35,4.63,19,35,Male,209096,54.72,3.25,3.39,Surgery,7188,No,89.57,590,2.95,61578,80.99,Neurological,OK,Low,Low Risk,0,
Japan,2003,Rabies,Neurological,17.76,4.28,3.01,19,35,Female,155557,76.04,3.56,8.28,Vaccination,26519,Yes,97.47,3100,6.6,28064,58.18,Viral,OK,High,Low Risk,0,
Mexico,2022,Rabies,Bacterial,12.39,13.49,7.72,61,60,Female,314577,63.32,1.11,1.09,Surgery,9664,No,80.68,3795,5.92,62311,26.55,Viral,OK,Low,High Risk,0,
China,2013,Cancer,Respiratory,10.8,6.93,4.05,0,18,Female,905199,86.08,4.19,6.13,Medication,14228,Yes,72.67,3463,3.5,87457,37.28,Chronic,OK,Medium,Low Risk,0,
Argentina,2009,Covid-19,Bacterial,15.12,10.72,5.99,19,35,Other,85551,63.16,2.49,6.11,Medication,4496,Yes,93.25,3907,9.17,86385,39.18,Viral,OK,Low,High Risk,0,
Turkey,2002,Ebola,Viral,1.58,4.33,3.44,36,60,Male,799154,61.48,1.51,3.07,Medication,24263,No,56.3,3914,7.84,8066,24.81,Viral,OK,Medium,Low Risk,0,
Russia,2022,Hepatitis,Chronic,6.9,0.92,7.05,36,60,Male,721846,65.48,0.53,7.01,Vaccination,25241,No,92.24,15,9.31,29074,22.36,Viral,OK,High,High Risk,0,
France,2003,Hiv/Aids,Parasitic,5.73,11.19,5.86,36,60,Other,968168,51.57,4.15,5.88,Medication,25584,Yes,63.76,3600,8.36,78734,51.98,Viral,OK,High,High Risk,0,
Mexico,2017,Hypertension,Neurological,12.8,0.96,8.07,36,60,Female,822326,94.02,2.91,0.9,Vaccination,35440,Yes,86.1,4537,1.79,73125,83.16,Cardiovascular,OK,High,High Risk,0,
Indonesia,2021,Hepatitis,Respiratory,10.44,7.95,6.82,0,18,Female,285432,51.1,2.3,7.12,Surgery,19662,No,71.94,3905,6.02,72468,23.08,Viral,OK,Medium,High Risk,0,
France,2017,Zika,Respiratory,17.25,9.27,9.08,0,18,Male,469085,87.52,1.17,6.97,Surgery,37550,Yes,60.45,2202,6.35,12836,49.2,Viral,OK,High,High Risk,0,
China,2006,Ebola,Respiratory,9.98,9.82,7.35,36,60,Male,274807,92.86,1.78,6.66,Surgery,9439,No,98.7,3133,8.21,26343,41.17,Viral,OK,Low,High Risk,0,
South Africa,2003,Ebola,Bacterial,8.8,9.41,6.35,36,60,Female,273923,94.43,1.07,9.31,Vaccination,24079,No,56.81,2126,4.41,41826,47.74,Viral,OK,Medium,High Risk,0,
Saudi Arabia,2012,Diabetes,Chronic,10.31,10.69,8.31,0,18,Female,606557,83.79,4.59,2.46,Surgery,44372,No,79.3,742,1.45,25781,44.29,Metabolic,OK,High,High Risk,0,
Argentina,2009,Measles,Metabolic,15,5.97,3.27,61,60,Male,540890,92.09,1.15,0.54,Therapy,13764,No,86.22,4382,8.27,93329,74.95,Viral,OK,Medium,Low Risk,0,
India,2005,Alzheimer'S Disease,Cardiovascular,19.09,3.42,3.19,0,18,Other,373022,69.81,1.53,2.84,Therapy,11365,Yes,96.1,2662,3.16,44813,40.13,Neurological,OK,Medium,Low Risk,0,
Brazil,2008,Measles,Autoimmune,15.79,12.96,0.97,61,60,Male,736559,79.2,2.71,9.34,Medication,28459,No,89.24,3049,1.87,84762,84.96,Viral,OK,High,Low Risk,0,
Brazil,2007,Hypertension,Genetic,12.54,10.02,7.12,19,35,Female,914033,68.38,2.98,2.99,Vaccination,49327,No,92.2,2525,1.92,57374,53.87,Cardiovascular,OK,High,High Risk,0,
Japan,2005,Alzheimer'S Disease,Parasitic,1.29,10.07,7.14,0,18,Male,862148,55,4.92,5.52,Medication,37905,Yes,92.79,1953,9.93,98031,41.25,Neurological,OK,High,High Risk,0,
Japan,2008,Polio,Chronic,8.2,8.64,1.36,36,60,Male,318782,89.16,4.33,4.79,Therapy,6463,No,95.29,3865,5.35,9440,44.2,Viral,OK,Low,Low Risk,0,
South Africa,2012,Hypertension,Autoimmune,8.02,5.9,8.11,61,60,Other,850203,92.27,1.73,7.65,Medication,33238,No,67.03,2846,0.97,1001,63.64,Cardiovascular,OK,High,High Risk,0,
Mexico,2001,Asthma,Chronic,13.35,11.26,3.42,19,35,Male,764642,80.88,2.4,2.57,Vaccination,14751,Yes,65.89,77,4.45,71679,52.08,Respiratory,OK,Medium,Low Risk,0,
Turkey,2022,Cholera,Autoimmune,16.83,6.54,0.71,0,18,Other,456036,56.29,4.5,1.75,Therapy,9638,No,55.43,3859,0.94,51064,88.41,Bacterial,OK,Low,Low Risk,0,
Usa,2012,Hypertension,Autoimmune,19.51,13.48,0.3,0,18,Male,989605,62.19,3.91,1.23,Surgery,39835,Yes,53.18,1608,2.2,78103,33.5,Cardiovascular,OK,High,Low Risk,0,
